"ID","TABLE_ID","NAME","VISIBLE","SEARCHABLE","WEIGHT","NARROWDOWN","NARROWDOWN_TYPE","UDF","DISPLAYORDER"
1145,1,"DocNum","Y","Y","1.00","N",,"N",0
1146,1,"DocEntry","Y","N","1.00","N",,"N",0
1147,1,"CardCode","Y","Y","1.00","Y","O","N",0
1148,1,"CardName","Y","Y","1.00","Y","O","N",0
1149,1,"CntctCode","N","N","1.00","N",,"N",0
1150,1,"DocStatus","Y","Y","1.00","Y","O","N",0
1151,1,"DocDate","Y","Y","1.00","Y","R","N",0
1152,1,"DocDueDate","Y","Y","1.00","Y","R","N",0
1153,1,"TaxDate","Y","Y","1.00","Y","R","N",0
1154,1,"SlpCode","N","N","1.00","N",,"N",0
1155,1,"OwnerCode","N","N","1.00","N",,"N",0
1156,1,"DocTotal","Y","Y","1.00","N",,"N",0
1157,1,"PaidToDate","N","N","1.00","N",,"N",0
1158,1,"Comments","Y","Y","1.00","N",,"N",0
1159,1,"TrnspCode","N","N","1.00","N",,"N",0
1160,1,"Series","N","N","1.00","N",,"N",0
1161,1,"NumAtCard","Y","Y","1.00","N",,"N",0
1162,1,"Project","Y","Y","1.00","N",,"N",0
1163,2,"CardCode","N","Y","1.00","N",,"N",0
1164,2,"OwnerCode","N","N","1.00","N",,"N",0
1165,3,"Name","Y","Y","1.00","Y","O","N",0
1166,3,"CntctCode","N","N","1.00","N",,"N",0
1167,4,"SlpName","Y","Y","1.00","Y","O","N",0
1168,4,"SlpCode","N","N","1.00","N",,"N",0
1169,5,"firstName","N","Y","1.00","N",,"N",0
1170,5,"middleName","N","Y","1.00","N",,"N",0
1171,5,"lastName","N","Y","1.00","N",,"N",0
1172,5,"empID","N","N","1.00","N",,"N",0
1173,6,"TrnspName","Y","Y","1.00","N",,"N",0
1174,6,"TrnspCode","N","N","1.00","N",,"N",0
1175,7,"LineNum","N","N","1.00","N",,"N",0
1176,7,"DocEntry","N","N","1.00","N",,"N",0
1177,7,"ItemCode","Y","Y","1.00","N",,"N",0
1178,7,"Quantity","Y","Y","1.00","N",,"N",0
1179,7,"Price","Y","Y","1.00","N",,"N",0
1180,7,"DiscPrcnt","Y","Y","1.00","N",,"N",0
1181,7,"LineTotal","Y","Y","1.00","N",,"N",0
1182,7,"Dscription","Y","Y","1.00","N",,"N",0
1183,7,"OwnerCode","N","N","1.00","N",,"N",0
1184,7,"Project","Y","Y","1.00","N",,"N",0
1185,8,"DocNum","Y","Y","1.00","N",,"N",0
1186,8,"DocEntry","Y","N","1.00","N",,"N",0
1187,8,"CardCode","Y","Y","1.00","Y","O","N",0
1188,8,"CardName","Y","Y","1.00","Y","O","N",0
1189,8,"CntctCode","N","N","1.00","N",,"N",0
1190,8,"DocStatus","Y","Y","1.00","Y","O","N",0
1191,8,"DocDate","Y","Y","1.00","Y","R","N",0
1192,8,"DocDueDate","Y","Y","1.00","Y","R","N",0
1193,8,"TaxDate","Y","Y","1.00","Y","R","N",0
1194,8,"SlpCode","N","N","1.00","N",,"N",0
1195,8,"OwnerCode","N","N","1.00","N",,"N",0
1196,8,"StampNum","Y","Y","1.00","N",,"N",0
1197,8,"DocTotal","Y","Y","1.00","N",,"N",0
1198,8,"PaidToDate","N","N","1.00","N",,"N",0
1199,8,"Comments","Y","Y","1.00","N",,"N",0
1200,8,"TrnspCode","N","N","1.00","N",,"N",0
1201,8,"Series","N","N","1.00","N",,"N",0
1202,8,"isIns","N","N","1.00","N",,"N",0
1203,8,"NumAtCard","Y","Y","1.00","N",,"N",0
1204,8,"Project","Y","Y","1.00","N",,"N",0
1205,9,"CardCode","N","Y","1.00","N",,"N",0
1206,9,"OwnerCode","N","N","1.00","N",,"N",0
1207,10,"Name","Y","Y","1.00","Y","O","N",0
1208,10,"CntctCode","N","N","1.00","N",,"N",0
1209,11,"SlpName","Y","Y","1.00","Y","O","N",0
1210,11,"SlpCode","N","N","1.00","N",,"N",0
1211,12,"firstName","N","Y","1.00","N",,"N",0
1212,12,"middleName","N","Y","1.00","N",,"N",0
1213,12,"lastName","N","Y","1.00","N",,"N",0
1214,12,"empID","N","N","1.00","N",,"N",0
1215,13,"TrnspName","Y","Y","1.00","N",,"N",0
1216,13,"TrnspCode","N","N","1.00","N",,"N",0
1217,14,"LineNum","N","N","1.00","N",,"N",0
1218,14,"DocEntry","N","N","1.00","N",,"N",0
1219,14,"ItemCode","Y","Y","1.00","N",,"N",0
1220,14,"Quantity","Y","Y","1.00","N",,"N",0
1221,14,"Price","Y","Y","1.00","N",,"N",0
1222,14,"DiscPrcnt","Y","Y","1.00","N",,"N",0
1223,14,"LineTotal","Y","Y","1.00","N",,"N",0
1224,14,"Dscription","Y","Y","1.00","N",,"N",0
1225,14,"OwnerCode","N","N","1.00","N",,"N",0
1226,14,"Project","Y","Y","1.00","N",,"N",0
1227,15,"DocEntry","Y","N","1.00","N",,"N",0
1228,15,"CardCode","Y","Y","1.00","Y","O","N",0
1229,15,"CardName","Y","Y","1.00","Y","O","N",0
1230,15,"CntctCode","N","N","1.00","N",,"N",0
1231,15,"Series","N","N","1.00","N",,"N",0
1232,15,"DocNum","Y","Y","1.00","N",,"N",0
1233,15,"DocStatus","Y","Y","1.00","Y","O","N",0
1234,15,"DocDate","Y","Y","1.00","Y","R","N",0
1235,15,"DocDueDate","Y","Y","1.00","Y","R","N",0
1236,15,"TaxDate","Y","Y","1.00","Y","R","N",0
1237,15,"SlpCode","N","N","1.00","N",,"N",0
1238,15,"OwnerCode","N","N","1.00","N",,"N",0
1239,15,"Comments","Y","Y","1.00","N",,"N",0
1240,15,"DocTotal","Y","Y","1.00","N",,"N",0
1241,15,"PaidToDate","N","N","1.00","N",,"N",0
1242,15,"isIns","N","N","1.00","N",,"N",0
1243,15,"NumAtCard","Y","Y","1.00","N",,"N",0
1244,15,"Project","Y","Y","1.00","N",,"N",0
1245,16,"DocEntry","N","N","1.00","N",,"N",0
1246,16,"LineNum","N","N","1.00","N",,"N",0
1247,16,"ItemCode","Y","Y","1.00","N",,"N",0
1248,16,"Dscription","Y","Y","1.00","N",,"N",0
1249,16,"Quantity","Y","Y","1.00","N",,"N",0
1250,16,"Price","Y","Y","1.00","N",,"N",0
1251,16,"DiscPrcnt","Y","Y","1.00","N",,"N",0
1252,16,"LineTotal","Y","Y","1.00","N",,"N",0
1253,16,"OwnerCode","N","N","1.00","N",,"N",0
1254,16,"Project","Y","Y","1.00","N",,"N",0
1255,17,"SlpCode","N","N","1.00","N",,"N",0
1256,17,"SlpName","Y","Y","1.00","Y","O","N",0
1257,18,"CntctCode","N","N","1.00","N",,"N",0
1258,18,"Name","Y","Y","1.00","Y","O","N",0
1259,19,"empID","N","N","1.00","N",,"N",0
1260,19,"lastName","N","Y","1.00","N",,"N",0
1261,19,"firstName","N","Y","1.00","N",,"N",0
1262,19,"middleName","N","Y","1.00","N",,"N",0
1263,20,"DocNum","Y","Y","1.00","N",,"N",0
1264,20,"DocEntry","Y","N","1.00","N",,"N",0
1265,20,"CardCode","Y","Y","1.00","Y","O","N",0
1266,20,"CardName","Y","Y","1.00","Y","O","N",0
1267,20,"CntctCode","N","N","1.00","N",,"N",0
1268,20,"DocStatus","Y","Y","1.00","Y","O","N",0
1269,20,"DocDate","Y","Y","1.00","Y","R","N",0
1270,20,"DocDueDate","Y","Y","1.00","Y","R","N",0
1271,20,"TaxDate","Y","Y","1.00","Y","R","N",0
1272,20,"SlpCode","N","N","1.00","N",,"N",0
1273,20,"OwnerCode","N","N","1.00","N",,"N",0
1274,20,"DocTotal","Y","Y","1.00","N",,"N",0
1275,20,"PaidToDate","N","N","1.00","N",,"N",0
1276,20,"Comments","Y","Y","1.00","N",,"N",0
1277,20,"TrnspCode","N","N","1.00","N",,"N",0
1278,20,"Series","N","N","1.00","N",,"N",0
1279,20,"NumAtCard","Y","Y","1.00","N",,"N",0
1280,20,"Project","Y","Y","1.00","N",,"N",0
1281,21,"CardCode","N","Y","1.00","N",,"N",0
1282,21,"OwnerCode","N","N","1.00","N",,"N",0
1283,22,"Name","Y","Y","1.00","Y","O","N",0
1284,22,"CntctCode","N","N","1.00","N",,"N",0
1285,23,"SlpName","Y","Y","1.00","Y","O","N",0
1286,23,"SlpCode","N","N","1.00","N",,"N",0
1287,24,"firstName","N","Y","1.00","N",,"N",0
1288,24,"middleName","N","Y","1.00","N",,"N",0
1289,24,"lastName","N","Y","1.00","N",,"N",0
1290,24,"empID","N","N","1.00","N",,"N",0
1291,25,"TrnspName","Y","Y","1.00","N",,"N",0
1292,25,"TrnspCode","N","N","1.00","N",,"N",0
1293,26,"LineNum","N","N","1.00","N",,"N",0
1294,26,"DocEntry","N","N","1.00","N",,"N",0
1295,26,"ItemCode","Y","Y","1.00","N",,"N",0
1296,26,"Quantity","Y","Y","1.00","N",,"N",0
1297,26,"Price","Y","Y","1.00","N",,"N",0
1298,26,"DiscPrcnt","Y","Y","1.00","N",,"N",0
1299,26,"LineTotal","Y","Y","1.00","N",,"N",0
1300,26,"Dscription","Y","Y","1.00","N",,"N",0
1301,26,"OwnerCode","N","N","1.00","N",,"N",0
1302,26,"Project","Y","Y","1.00","N",,"N",0
1303,27,"ClgCode","Y","N","1.00","N",,"N",0
1304,27,"Action","Y","Y","1.00","Y","O","N",0
1305,27,"CntctType","N","N","1.00","N",,"N",0
1306,27,"CntctSbjct","N","N","1.00","N",,"N",0
1307,27,"AssignedBy","N","N","1.00","N",,"N",0
1308,27,"AttendEmpl","N","N","1.00","N",,"N",0
1309,27,"AttendUser","N","N","1.00","N",,"N",0
1310,27,"CardCode","N","N","1.00","N",,"N",0
1311,27,"CntctCode","N","N","1.00","N",,"N",0
1312,27,"Tel","Y","Y","1.00","N",,"N",0
1313,27,"Details","Y","Y","1.00","N",,"N",0
1314,27,"Recontact","Y","Y","1.00","Y","R","N",0
1315,27,"BeginTime","Y","Y","1.00","N",,"N",0
1316,27,"endDate","Y","Y","1.00","Y","R","N",0
1317,27,"ENDTime","Y","Y","1.00","N",,"N",0
1318,27,"Priority","Y","Y","1.00","Y","O","N",0
1319,27,"inactive","Y","Y","1.00","Y","O","N",0
1320,27,"Closed","Y","Y","1.00","Y","O","N",0
1321,28,"Name","Y","Y","1.00","Y","O","N",0
1322,28,"Code","N","N","1.00","N",,"N",0
1323,29,"Name","Y","Y","1.00","N",,"N",0
1324,29,"Code","N","N","1.00","N",,"N",0
1325,30,"firstName","N","Y","1.00","N",,"N",0
1326,30,"middleName","N","Y","1.00","N",,"N",0
1327,30,"lastName","N","Y","1.00","N",,"N",0
1328,30,"empID","N","N","1.00","N",,"N",0
1329,31,"U_NAME","Y","Y","1.00","Y","O","N",0
1330,31,"USERID","N","N","1.00","N",,"N",0
1331,33,"CardCode","Y","Y","1.00","Y","O","N",0
1332,33,"CardName","Y","Y","1.00","Y","O","N",0
1333,33,"OwnerCode","N","N","1.00","N",,"N",0
1334,34,"Name","Y","Y","1.00","Y","O","N",0
1335,34,"CntctCode","N","N","1.00","N",,"N",0
1336,35,"Code","Y","Y","1.00","N",,"N",0
1337,35,"TreeType","Y","Y","1.00","Y","O","N",0
1338,35,"ToWH","Y","Y","1.00","Y","O","N",0
1339,35,"PriceList","N","N","1.00","N",,"N",0
1340,35,"Project","Y","Y","1.00","Y","O","N",0
1341,36,"Father","N","N","1.00","N",,"N",0
1342,36,"Code","Y","Y","1.00","N",,"N",0
1343,36,"Quantity","Y","Y","1.00","N",,"N",0
1344,36,"Price","Y","Y","1.00","N",,"N",0
1345,36,"PriceList","N","N","1.00","N",,"N",0
1346,37,"ItemCode","N","N","1.00","N",,"N",0
1347,37,"ItemName","Y","Y","1.00","N",,"N",0
1348,37,"LastPurPrc","N","N","1.00","N",,"N",0
1349,37,"LstEvlPric","N","N","1.00","N",,"N",0
1350,38,"ListNum","N","N","1.00","N",,"N",0
1351,38,"ListName","N","Y","1.00","N",,"N",0
1352,40,"ItemCode","N","N","1.00","N",,"N",0
1353,40,"PriceList","N","N","1.00","N",,"N",0
1354,40,"Price","N","N","1.00","N",,"N",0
1355,41,"AbsEntry","Y","Y","1.00","N",,"N",0
1356,41,"BinCode","Y","Y","1.00","N",,"N",0
1357,41,"Descr","Y","Y","1.00","N",,"N",0
1358,42,"CardCode","Y","Y","1.00","N",,"N",0
1359,42,"CardName","Y","Y","1.00","N",,"N",0
1360,42,"GroupCode","N","N","1.00","N",,"N",0
1361,42,"Fax","Y","Y","1.00","N",,"N",0
1362,42,"Phone1","Y","Y","1.00","N",,"N",0
1363,42,"E_Mail","Y","Y","1.00","N",,"N",0
1364,42,"Cellular","Y","Y","1.00","N",,"N",0
1365,42,"CardType","Y","Y","1.00","Y","O","N",0
1366,42,"IntrntSite","Y","Y","1.00","N",,"N",0
1367,42,"Free_Text","Y","Y","1.00","N",,"N",0
1368,42,"Balance","Y","Y","1.00","N",,"N",0
1369,42,"OwnerCode","N","N","1.00","N",,"N",0
1370,43,"CardCode","N","Y","1.00","N",,"N",0
1371,43,"Name","Y","Y","1.00","N",,"N",0
1372,44,"GroupCode","N","N","1.00","N",,"N",0
1373,44,"GroupName","Y","Y","1.00","Y","O","N",0
1374,45,"CardCode","N","Y","1.00","N",,"N",0
1375,45,"Street","Y","Y","1.00","N",,"N",0
1376,45,"Block","Y","Y","1.00","N",,"N",0
1377,45,"ZipCode","Y","Y","1.00","N",,"N",0
1378,45,"City","Y","Y","1.00","N",,"N",0
1379,45,"County","Y","Y","1.00","N",,"N",0
1380,45,"Building","Y","Y","1.00","N",,"N",0
1381,45,"StreetNo","Y","Y","1.00","N",,"N",0
1382,46,"AcctCode","Y","Y","1.00","N",,"N",0
1383,46,"AcctName","Y","Y","1.00","N",,"N",0
1384,46,"AccntntCod","Y","Y","1.00","N",,"N",0
1385,46,"FrgnName","Y","Y","1.00","N",,"N",0
1386,46,"Details","Y","Y","1.00","N",,"N",0
1387,46,"Segment_0","Y","Y","1.00","N",,"N",0
1388,46,"Segment_1","Y","Y","1.00","N",,"N",0
1389,46,"Segment_2","Y","Y","1.00","N",,"N",0
1390,46,"Segment_3","Y","Y","1.00","N",,"N",0
1391,46,"Project","Y","Y","1.00","N",,"N",0
1392,46,"ExportCode","Y","Y","1.00","N",,"N",0
1393,46,"GroupMask","N","N","1.00","N",,"N",0
1394,46,"Postable","Y","N","1.00","Y","O","N",0
1395,46,"Protected","N","Y","1.00","N",,"N",0
1396,46,"CurrTotal","Y","Y","1.00","N",,"N",0
1397,47,"AcctName","N","Y","1.00","Y","O","N",0
1398,47,"GroupMask","N","N","1.00","N",,"N",0
1399,48,"CntctCode","Y","Y","1.00","N",,"N",0
1400,48,"CardCode","Y","Y","1.00","Y","O","N",0
1401,48,"Title","Y","Y","1.00","N",,"N",0
1402,48,"Name","Y","Y","1.00","N",,"N",0
1403,48,"FirstName","Y","Y","1.00","N",,"N",0
1404,48,"LastName","Y","Y","1.00","N",,"N",0
1405,48,"Position","Y","Y","1.00","N",,"N",0
1406,48,"Tel1","Y","Y","1.00","N",,"N",0
1407,48,"Tel2","Y","Y","1.00","N",,"N",0
1408,48,"Cellolar","Y","Y","1.00","N",,"N",0
1409,48,"E_MailL","Y","Y","1.00","N",,"N",0
1410,48,"Fax","Y","Y","1.00","N",,"N",0
1411,49,"CardCode","N","Y","1.00","N",,"N",0
1412,49,"CardName","Y","Y","1.00","Y","O","N",0
1413,49,"OwnerCode","N","N","1.00","N",,"N",0
1414,50,"AbsEntry","Y","Y","1.00","N",,"N",0
1415,50,"DashbdName","Y","Y","1.00","N",,"N",0
1416,50,"DashbdCode","N","N","1.00","N",,"N",0
1417,50,"PackEntry","N","N","1.00","N",,"N",0
1418,50,"DashbdPath","N","N","1.00","N",,"N",0
1419,50,"Status","N","N","1.00","N",,"N",0
1420,51,"Author","Y","Y","1.00","Y","O","N",0
1421,51,"AbsEntry","N","N","1.00","N",,"N",0
1422,51,"PackagCode","N","N","1.00","N",,"N",0
1423,51,"ISIMDB","N","N","1.00","N",,"N",0
1424,52,"empID","Y","Y","1.00","N",,"N",0
1425,52,"lastName","Y","Y","1.00","N",,"N",0
1426,52,"firstName","Y","Y","1.00","N",,"N",0
1427,52,"middleName","Y","Y","1.00","N",,"N",0
1428,52,"jobTitle","Y","Y","1.00","N",,"N",0
1429,52,"dept","Y","Y","1.00","Y","O","N",0
1430,52,"branch","Y","Y","1.00","Y","O","N",0
1431,52,"manager","N","Y","1.00","N",,"N",0
1432,52,"userId","N","N","1.00","N",,"N",0
1433,52,"salesPrson","N","N","1.00","N",,"N",0
1434,52,"officeTel","Y","Y","1.00","N",,"N",0
1435,52,"officeExt","Y","Y","1.00","N",,"N",0
1436,52,"mobile","Y","Y","1.00","N",,"N",0
1437,52,"email","Y","Y","1.00","N",,"N",0
1438,52,"remark","Y","Y","1.00","N",,"N",0
1439,52,"workCity","Y","Y","1.00","N",,"N",0
1440,52,"workCountr","N","N","1.00","N",,"N",0
1441,52,"workState","N","N","1.00","N",,"N",0
1442,52,"workStreet","Y","Y","1.00","N",,"N",0
1443,52,"workZip","Y","Y","1.00","N",,"N",0
1444,52,"birthDate","Y","Y","1.00","N",,"N",0
1445,52,"startDate","Y","Y","1.00","N",,"N",0
1446,52,"termDate","Y","Y","1.00","N",,"N",0
1447,52,"position","Y","Y","1.00","Y","O","N",0
1448,53,"Code","N","N","1.00","N",,"N",0
1449,53,"Name","Y","Y","1.00","Y","O","N",0
1450,54,"Code","N","N","1.00","N",,"N",0
1451,54,"Name","Y","Y","1.00","Y","O","N",0
1452,55,"USERID","N","N","1.00","N",,"N",0
1453,55,"U_NAME","Y","Y","1.00","N",,"N",0
1454,56,"SlpCode","N","N","1.00","N",,"N",0
1455,56,"SlpName","Y","Y","1.00","N",,"N",0
1456,57,"Country","N","N","1.00","N",,"N",0
1457,57,"Code","N","N","1.00","N",,"N",0
1458,57,"Name","Y","Y","1.00","N",,"N",0
1459,58,"posID","N","N","1.00","N",,"N",0
1460,58,"name","Y","Y","1.00","Y","O","N",0
1461,59,"empID","N","N","1.00","N",,"N",0
1462,59,"line","N","N","1.00","N",,"N",0
1463,59,"roleID","N","N","1.00","N",,"N",0
1464,60,"typeID","N","N","1.00","N",,"N",0
1465,60,"name","Y","Y","1.00","N",,"N",0
1466,61,"empID","N","N","1.00","N",,"N",0
1467,61,"teamID","N","N","1.00","N",,"N",0
1468,62,"teamID","N","N","1.00","N",,"N",0
1469,62,"name","Y","Y","1.00","N",,"N",0
1470,63,"ItemCode","Y","Y","1.00","N",,"N",0
1471,63,"ItemName","Y","Y","1.00","N",,"N",0
1472,63,"ItemType","N","N","1.00","N",,"N",0
1473,63,"FrgnName","Y","Y","1.00","N",,"N",0
1474,63,"AsstStatus","Y","Y","1.00","Y","O","N",0
1475,63,"AssetClass","N","N","1.00","N",,"N",0
1476,63,"AssetGroup","N","N","1.00","N",,"N",0
1477,63,"DeprGroup","N","N","1.00","N",,"N",0
1478,63,"InventryNo","Y","Y","1.00","N",,"N",0
1479,63,"AssetSerNo","Y","Y","1.00","N",,"N",0
1480,63,"Location","Y","Y","1.00","N",,"N",0
1481,63,"CapDate","Y","Y","1.00","N",,"N",0
1482,64,"ItemCode","N","N","1.00","N",,"N",0
1483,64,"UsefulLife","Y","Y","1.00","N",,"N",0
1484,64,"RemainLife","Y","Y","1.00","N",,"N",0
1485,65,"ItemCode","N","N","1.00","N",,"N",0
1486,65,"Project","Y","Y","1.00","Y","O","N",0
1487,66,"ItemCode","N","N","1.00","N",,"N",0
1488,66,"OcrCode","Y","Y","1.00","N",,"N",0
1489,66,"ValidFrom","Y","Y","1.00","N",,"N",0
1490,66,"ValidTo","Y","Y","1.00","N",,"N",0
1491,67,"Code","N","N","1.00","N",,"N",0
1492,67,"Name","Y","Y","1.00","Y","O","N",0
1493,68,"Code","N","N","1.00","N",,"N",0
1494,68,"Descr","Y","Y","1.00","Y","O","N",0
1495,69,"Code","N","N","1.00","N",,"N",0
1496,69,"Descr","Y","Y","1.00","Y","O","N",0
1497,70,"DocEntry","Y","N","1.00","N",,"N",0
1498,70,"CardCode","Y","Y","1.00","Y","O","N",0
1499,70,"CardName","Y","Y","1.00","Y","O","N",0
1500,70,"CntctCode","N","N","1.00","N",,"N",0
1501,70,"Series","N","N","1.00","N",,"N",0
1502,70,"DocNum","Y","Y","1.00","N",,"N",0
1503,70,"DocStatus","Y","Y","1.00","Y","O","N",0
1504,70,"DocDate","Y","Y","1.00","Y","R","N",0
1505,70,"DocDueDate","Y","Y","1.00","Y","R","N",0
1506,70,"TaxDate","Y","Y","1.00","Y","R","N",0
1507,70,"SlpCode","N","N","1.00","N",,"N",0
1508,70,"OwnerCode","N","N","1.00","N",,"N",0
1509,70,"DocTotal","Y","Y","1.00","N",,"N",0
1510,70,"Comments","Y","Y","1.00","N",,"N",0
1511,70,"NumAtCard","Y","Y","1.00","N",,"N",0
1512,70,"Project","Y","Y","1.00","N",,"N",0
1513,71,"CardCode","N","Y","1.00","N",,"N",0
1514,71,"OwnerCode","N","N","1.00","N",,"N",0
1515,72,"DocEntry","N","N","1.00","N",,"N",0
1516,72,"LineNum","N","N","1.00","N",,"N",0
1517,72,"ItemCode","Y","Y","1.00","N",,"N",0
1518,72,"Dscription","Y","Y","1.00","N",,"N",0
1519,72,"Quantity","Y","Y","1.00","N",,"N",0
1520,72,"Price","Y","Y","1.00","N",,"N",0
1521,72,"DiscPrcnt","Y","Y","1.00","N",,"N",0
1522,72,"LineTotal","Y","Y","1.00","N",,"N",0
1523,72,"OwnerCode","N","N","1.00","N",,"N",0
1524,72,"Project","Y","Y","1.00","N",,"N",0
1525,73,"SlpCode","N","N","1.00","N",,"N",0
1526,73,"SlpName","Y","Y","1.00","Y","O","N",0
1527,74,"CntctCode","N","N","1.00","N",,"N",0
1528,74,"Name","Y","Y","1.00","Y","O","N",0
1529,75,"empID","N","N","1.00","N",,"N",0
1530,75,"firstName","N","Y","1.00","N",,"N",0
1531,75,"lastName","N","Y","1.00","N",,"N",0
1532,75,"middleName","N","Y","1.00","N",,"N",0
1533,76,"DocEntry","Y","N","1.00","N",,"N",0
1534,76,"CardCode","Y","Y","1.00","Y","O","N",0
1535,76,"CardName","Y","Y","1.00","Y","O","N",0
1536,76,"CntctCode","N","N","1.00","N",,"N",0
1537,76,"Series","N","N","1.00","N",,"N",0
1538,76,"DocNum","Y","Y","1.00","N",,"N",0
1539,76,"DocStatus","Y","Y","1.00","Y","O","N",0
1540,76,"DocDate","Y","Y","1.00","Y","R","N",0
1541,76,"DocDueDate","Y","Y","1.00","Y","R","N",0
1542,76,"TaxDate","Y","Y","1.00","Y","R","N",0
1543,76,"SlpCode","N","N","1.00","N",,"N",0
1544,76,"OwnerCode","N","N","1.00","N",,"N",0
1545,76,"DocTotal","Y","Y","1.00","N",,"N",0
1546,76,"Comments","Y","Y","1.00","N",,"N",0
1547,76,"NumAtCard","Y","Y","1.00","N",,"N",0
1548,76,"Project","Y","Y","1.00","N",,"N",0
1549,77,"CardCode","N","Y","1.00","N",,"N",0
1550,77,"OwnerCode","N","N","1.00","N",,"N",0
1551,78,"DocEntry","N","N","1.00","N",,"N",0
1552,78,"LineNum","N","N","1.00","N",,"N",0
1553,78,"ItemCode","Y","Y","1.00","N",,"N",0
1554,78,"Dscription","Y","Y","1.00","N",,"N",0
1555,78,"Quantity","Y","Y","1.00","N",,"N",0
1556,78,"Price","Y","Y","1.00","N",,"N",0
1557,78,"DiscPrcnt","Y","Y","1.00","N",,"N",0
1558,78,"LineTotal","Y","Y","1.00","N",,"N",0
1559,78,"OwnerCode","N","N","1.00","N",,"N",0
1560,78,"Project","Y","Y","1.00","N",,"N",0
1561,79,"SlpCode","N","N","1.00","N",,"N",0
1562,79,"SlpName","Y","Y","1.00","Y","O","N",0
1563,80,"CntctCode","N","N","1.00","N",,"N",0
1564,80,"Name","Y","Y","1.00","Y","O","N",0
1565,81,"empID","N","N","1.00","N",,"N",0
1566,81,"firstName","N","Y","1.00","N",,"N",0
1567,81,"lastName","N","Y","1.00","N",,"N",0
1568,81,"middleName","N","Y","1.00","N",,"N",0
1569,82,"DocEntry","Y","N","1.00","N",,"N",0
1570,82,"DocNum","Y","Y","1.00","N",,"N",0
1571,82,"CardCode","Y","Y","1.00","Y","O","N",0
1572,82,"CardName","Y","Y","1.00","Y","O","N",0
1573,82,"CounterRef","Y","Y","1.00","N",,"N",0
1574,82,"TransId","N","N","1.00","N",,"N",0
1575,82,"PrjCode","Y","Y","1.00","N",,"N",0
1576,82,"DocDate","Y","Y","1.00","N",,"N",0
1577,82,"DocDueDate","Y","Y","1.00","N",,"N",0
1578,82,"TaxDate","Y","Y","1.00","N",,"N",0
1579,82,"Comments","Y","Y","1.00","N",,"N",0
1580,82,"DocType","Y","Y","1.00","Y","O","N",0
1581,82,"Series","Y","Y","1.00","N",,"N",0
1582,82,"DocTotal","Y","Y","1.00","N",,"N",0
1583,82,"Canceled","Y","Y","1.00","N",,"N",0
1584,82,"PayNoDoc","Y","Y","1.00","N",,"N",0
1585,82,"NoDocSum","Y","Y","1.00","N",,"N",0
1586,82,"DocCurr","Y","Y","1.00","N",,"N",0
1587,82,"DocTotalFC","Y","Y","1.00","N",,"N",0
1588,82,"WtSum","Y","Y","1.00","N",,"N",0
1589,82,"CntctCode","N","N","1.00","N",,"N",0
1590,83,"DocNum","N","N","1.00","N",,"N",0
1591,83,"InvoiceId","N","N","1.00","N",,"N",0
1592,83,"DocEntry","Y","Y","1.00","N",,"N",0
1593,83,"InvType","Y","Y","1.00","N",,"N",0
1594,83,"SumApplied","Y","Y","1.00","N",,"N",0
1595,83,"Dcount","Y","Y","1.00","N",,"N",0
1596,83,"DcntSum","Y","Y","1.00","N",,"N",0
1597,83,"WtAppld","Y","Y","1.00","N",,"N",0
1598,84,"DocNum","N","N","1.00","N",,"N",0
1599,84,"LineId","N","N","1.00","N",,"N",0
1600,84,"AcctCode","Y","Y","1.00","N",,"N",0
1601,84,"SumApplied","Y","Y","1.00","N",,"N",0
1602,84,"Project","Y","Y","1.00","N",,"N",0
1603,85,"CntctCode","N","N","1.00","N",,"N",0
1604,85,"Name","Y","Y","1.00","Y","O","N",0
1605,86,"TransId","Y","Y","1.00","N",,"N",0
1606,86,"Project","Y","Y","1.00","N",,"N",0
1607,87,"DocEntry","Y","N","1.00","N",,"N",0
1608,87,"Series","N","N","1.00","N",,"N",0
1609,87,"DocNum","Y","Y","1.00","N",,"N",0
1610,87,"GroupNum","N","N","1.00","N",,"N",0
1611,87,"DocDate","Y","Y","1.00","Y","R","N",0
1612,87,"TaxDate","Y","Y","1.00","Y","R","N",0
1613,87,"Comments","Y","Y","1.00","N",,"N",0
1614,87,"Project","Y","Y","1.00","N",,"N",0
1615,88,"DocEntry","N","N","1.00","N",,"N",0
1616,88,"BaseType","N","N","1.00","N",,"N",0
1617,88,"BaseEntry","N","N","1.00","N",,"N",0
1618,88,"LineNum","N","N","1.00","N",,"N",0
1619,88,"ItemCode","Y","Y","1.00","N",,"N",0
1620,88,"Dscription","Y","Y","1.00","N",,"N",0
1621,88,"Quantity","Y","Y","1.00","N",,"N",0
1622,88,"Price","Y","Y","1.00","N",,"N",0
1623,88,"DiscPrcnt","Y","Y","1.00","N",,"N",0
1624,88,"LineTotal","Y","Y","1.00","N",,"N",0
1625,88,"Project","Y","Y","1.00","N",,"N",0
1626,89,"ListNum","N","N","1.00","N",,"N",0
1627,89,"ListName","N","Y","1.00","N",,"N",0
1628,90,"DocEntry","Y","N","1.00","N",,"N",0
1629,90,"Series","N","N","1.00","N",,"N",0
1630,90,"DocNum","Y","Y","1.00","N",,"N",0
1631,90,"GroupNum","N","N","1.00","N",,"N",0
1632,90,"DocDate","Y","Y","1.00","Y","R","N",0
1633,90,"TaxDate","Y","Y","1.00","Y","R","N",0
1634,90,"Comments","Y","Y","1.00","N",,"N",0
1635,90,"Project","Y","Y","1.00","N",,"N",0
1636,91,"DocEntry","N","N","1.00","N",,"N",0
1637,91,"BaseType","N","N","1.00","N",,"N",0
1638,91,"LineNum","N","N","1.00","N",,"N",0
1639,91,"ItemCode","Y","Y","1.00","N",,"N",0
1640,91,"Dscription","Y","Y","1.00","N",,"N",0
1641,91,"Quantity","Y","Y","1.00","N",,"N",0
1642,91,"Price","Y","Y","1.00","N",,"N",0
1643,91,"DiscPrcnt","Y","Y","1.00","N",,"N",0
1644,91,"LineTotal","Y","Y","1.00","N",,"N",0
1645,91,"Project","Y","Y","1.00","N",,"N",0
1646,92,"ListNum","N","N","1.00","N",,"N",0
1647,92,"ListName","N","Y","1.00","N",,"N",0
1648,93,"DocNum","Y","Y","1.00","N",,"N",0
1649,93,"DocEntry","Y","N","1.00","N",,"N",0
1650,93,"CardCode","Y","Y","1.00","Y","O","N",0
1651,93,"CntctCode","N","N","1.00","N",,"N",0
1652,93,"Address","Y","Y","1.00","N",,"N",0
1653,93,"Series","N","N","1.00","N",,"N",0
1654,93,"GroupNum","N","N","1.00","N",,"N",0
1655,93,"DocDate","Y","Y","1.00","Y","R","N",0
1656,93,"TaxDate","Y","Y","1.00","Y","R","N",0
1657,93,"SlpCode","N","N","1.00","N",,"N",0
1658,93,"Comments","Y","Y","1.00","N",,"N",0
1659,94,"DocEntry","N","N","1.00","N",,"N",0
1660,94,"LineNum","N","N","1.00","N",,"N",0
1661,94,"ItemCode","Y","Y","1.00","N",,"N",0
1662,94,"Dscription","Y","Y","1.00","N",,"N",0
1663,94,"Quantity","Y","Y","1.00","N",,"N",0
1664,94,"Price","Y","Y","1.00","N",,"N",0
1665,94,"DiscPrcnt","Y","Y","1.00","N",,"N",0
1666,94,"LineTotal","Y","Y","1.00","N",,"N",0
1667,95,"CardCode","N","N","1.00","N",,"N",0
1668,95,"CardName","Y","Y","1.00","Y","O","N",0
1669,95,"OwnerCode","N","N","1.00","N",,"N",0
1670,96,"SlpCode","N","N","1.00","N",,"N",0
1671,96,"SlpName","Y","Y","1.00","Y","O","N",0
1672,97,"CntctCode","N","N","1.00","N",,"N",0
1673,97,"Name","Y","Y","1.00","Y","O","N",0
1674,98,"ListNum","N","N","1.00","N",,"N",0
1675,98,"ListName","N","Y","1.00","N",,"N",0
1676,99,"DocEntry","Y","N","1.00","N",,"N",0
1677,99,"Series","N","N","1.00","N",,"N",0
1678,99,"DocNum","Y","Y","1.00","N",,"N",0
1679,99,"DocDate","Y","Y","1.00","Y","R","N",0
1680,99,"Comments","Y","Y","1.00","N",,"N",0
1681,99,"Project","Y","Y","1.00","N",,"N",0
1682,100,"DocEntry","N","N","1.00","N",,"N",0
1683,100,"BaseType","N","N","1.00","N",,"N",0
1684,100,"BaseEntry","N","N","1.00","N",,"N",0
1685,100,"BaseRef","Y","N","1.00","N",,"N",0
1686,100,"LineNum","N","N","1.00","N",,"N",0
1687,100,"ItemCode","Y","Y","1.00","N",,"N",0
1688,100,"Quantity","Y","Y","1.00","N",,"N",0
1689,100,"Project","Y","Y","1.00","N",,"N",0
1690,101,"ItemCode","Y","Y","1.00","N",,"N",0
1691,101,"ItemName","Y","Y","1.00","N",,"N",0
1692,101,"ItemType","Y","Y","1.00","Y","O","N",0
1693,101,"ItmsGrpCod","N","N","1.00","N",,"N",0
1694,101,"PrchseItem","Y","Y","1.00","Y","O","N",0
1695,101,"SellItem","Y","Y","1.00","Y","O","N",0
1696,101,"InvntItem","Y","Y","1.00","Y","O","N",0
1697,101,"validFor","N","N","1.00","N",,"N",0
1698,101,"frozenFor","N","N","1.00","N",,"N",0
1699,101,"FirmCode","N","N","1.00","N",,"N",0
1700,101,"CardCode","Y","Y","1.00","N",,"N",0
1701,101,"IssueMthd","Y","Y","1.00","N",,"N",0
1702,101,"ShipType","N","N","1.00","N",,"N",0
1703,101,"LastPurPrc","Y","N","1.00","N",,"N",0
1704,101,"LstEvlPric","Y","N","1.00","N",,"N",0
1705,102,"ItmsGrpCod","N","N","1.00","N",,"N",0
1706,102,"ItmsGrpNam","Y","Y","1.00","Y","O","N",0
1707,103,"FirmCode","N","N","1.00","N",,"N",0
1708,103,"FirmName","Y","Y","1.00","N",,"N",0
1709,104,"TrnspCode","N","N","1.00","N",,"N",0
1710,104,"TrnspName","Y","Y","1.00","N",,"N",0
1711,105,"SltCode","Y","N","1.00","N",,"N",0
1712,105,"ItemCode","Y","Y","1.00","Y","O","N",0
1713,105,"StatusNum","N","N","1.00","N",,"N",0
1714,105,"Owner","N","N","1.00","N",,"N",0
1715,105,"UpdateBy","N","N","1.00","N",,"N",0
1716,105,"DateUpdate","Y","Y","1.00","N",,"N",0
1717,105,"Subject","Y","Y","1.00","N",,"N",0
1718,105,"Symptom","Y","Y","1.00","N",,"N",0
1719,105,"Cause","Y","Y","1.00","N",,"N",0
1720,106,"Name","Y","Y","1.00","Y","O","N",0
1721,106,"Number","N","N","1.00","N",,"N",0
1722,107,"U_NAME","Y","Y","1.00","N",,"N",0
1723,107,"USERID","N","N","1.00","N",,"N",0
1724,109,"OpprId","Y","N","1.00","N",,"N",0
1725,109,"CardCode","Y","Y","1.00","Y","O","N",0
1726,109,"CardName","Y","Y","1.00","Y","O","N",0
1727,109,"CprCode","N","N","1.00","N",,"N",0
1728,109,"Territory","N","N","1.00","N",,"N",0
1729,109,"SlpCode","N","N","1.00","N",,"N",0
1730,109,"Owner","N","N","1.00","N",,"N",0
1731,109,"Name","Y","Y","1.00","N",,"N",0
1732,109,"Status","Y","Y","1.00","Y","O","N",0
1733,109,"OpenDate","Y","Y","1.00","Y","R","N",0
1734,109,"CloseDate","Y","Y","1.00","Y","R","N",0
1735,109,"PredDate","Y","Y","1.00","Y","R","N",0
1736,109,"MaxSumLoc","Y","Y","1.00","N",,"N",0
1737,109,"WtSumLoc","Y","Y","1.00","N",,"N",0
1738,109,"PrcnProf","Y","Y","1.00","N",,"N",0
1739,109,"SumProfL","Y","Y","1.00","N",,"N",0
1740,109,"IntRate","N","N","1.00","N",,"N",0
1741,109,"StepLast","N","N","1.00","N",,"N",0
1742,110,"CardCode","N","Y","1.00","N",,"N",0
1743,110,"OwnerCode","N","N","1.00","N",,"N",0
1744,111,"Name","Y","Y","1.00","Y","O","N",0
1745,111,"CntctCode","N","N","1.00","N",,"N",0
1746,112,"descript","Y","Y","1.00","Y","O","N",0
1747,112,"territryID","N","N","1.00","N",,"N",0
1748,113,"SlpName","Y","Y","1.00","Y","O","N",0
1749,113,"SlpCode","N","N","1.00","N",,"N",0
1750,114,"firstName","N","Y","1.00","N",,"N",0
1751,114,"middleName","N","Y","1.00","N",,"N",0
1752,114,"lastName","N","Y","1.00","N",,"N",0
1753,114,"empID","N","N","1.00","N",,"N",0
1754,115,"Descript","Y","Y","1.00","Y","O","N",0
1755,115,"Num","N","N","1.00","N",,"N",0
1756,116,"Descript","Y","Y","1.00","Y","O","N",0
1757,116,"Num","N","N","1.00","N",,"N",0
1758,117,"DocEntry","Y","N","1.00","N",,"N",0
1759,117,"DocNum","Y","Y","1.00","N",,"N",0
1760,117,"CardCode","Y","Y","1.00","Y","O","N",0
1761,117,"CardName","Y","Y","1.00","Y","O","N",0
1762,117,"CounterRef","Y","Y","1.00","N",,"N",0
1763,117,"Series","Y","Y","1.00","N",,"N",0
1764,117,"TransId","N","N","1.00","N",,"N",0
1765,117,"PrjCode","Y","Y","1.00","N",,"N",0
1766,117,"DocDate","Y","Y","1.00","N",,"N",0
1767,117,"DocDueDate","Y","Y","1.00","N",,"N",0
1768,117,"TaxDate","Y","Y","1.00","N",,"N",0
1769,117,"Comments","Y","Y","1.00","N",,"N",0
1770,117,"DocType","Y","Y","1.00","Y","O","N",0
1771,117,"CntctCode","N","N","1.00","N",,"N",0
1772,118,"DocNum","N","N","1.00","N",,"N",0
1773,118,"InvoiceId","N","N","1.00","N",,"N",0
1774,118,"DocEntry","Y","Y","1.00","N",,"N",0
1775,119,"DocNum","N","N","1.00","N",,"N",0
1776,119,"LineId","N","N","1.00","N",,"N",0
1777,119,"AcctCode","Y","Y","1.00","N",,"N",0
1778,119,"SumApplied","Y","Y","1.00","N",,"N",0
1779,119,"Project","Y","Y","1.00","N",,"N",0
1780,120,"TransId","Y","Y","1.00","N",,"N",0
1781,120,"Project","Y","Y","1.00","N",,"N",0
1782,121,"CntctCode","N","N","1.00","N",,"N",0
1783,121,"Name","Y","Y","1.00","Y","O","N",0
1784,122,"DocEntry","Y","N","1.00","N",,"N",0
1785,122,"Type","Y","Y","1.00","Y","O","N",0
1786,122,"Status","Y","Y","1.00","Y","O","N",0
1787,122,"ItemCode","Y","Y","1.00","N",,"N",0
1788,122,"PlannedQty","N","Y","1.00","N",,"N",0
1789,122,"Uom","N","Y","1.00","N",,"N",0
1790,122,"Series","N","N","1.00","N",,"N",0
1791,122,"DocNum","Y","Y","1.00","N",,"N",0
1792,122,"PostDate","Y","Y","1.00","Y","R","N",0
1793,122,"DueDate","Y","Y","1.00","Y","R","N",0
1794,122,"UserSign","N","N","1.00","N",,"N",0
1795,122,"OriginType","Y","Y","1.00","Y","O","N",0
1796,122,"OriginAbs","N","N","1.00","N",,"N",0
1797,122,"CardCode","Y","Y","1.00","Y","O","N",0
1798,122,"Project","Y","Y","1.00","Y","O","N",0
1799,122,"Comments","Y","Y","1.00","N",,"N",0
1800,123,"DocEntry","N","N","1.00","N",,"N",0
1801,123,"LineNum","N","N","1.00","N",,"N",0
1802,123,"ItemCode","Y","Y","1.00","N",,"N",0
1803,123,"Project","Y","Y","1.00","N",,"N",0
1804,124,"ItemCode","N","N","1.00","N",,"N",0
1805,124,"ItemName","Y","Y","1.00","N",,"N",0
1806,125,"USERID","N","N","1.00","N",,"N",0
1807,125,"U_NAME","Y","Y","1.00","Y","O","N",0
1808,126,"DocEntry","N","N","1.00","N",,"N",0
1809,126,"DocNum","Y","Y","1.00","N",,"N",0
1810,127,"DocNum","Y","Y","1.00","N",,"N",0
1811,127,"DocEntry","Y","N","1.00","N",,"N",0
1812,127,"CardCode","Y","Y","1.00","Y","O","N",0
1813,127,"CardName","Y","Y","1.00","Y","O","N",0
1814,127,"CntctCode","N","N","1.00","N",,"N",0
1815,127,"DocStatus","Y","Y","1.00","Y","O","N",0
1816,127,"DocDate","Y","Y","1.00","Y","R","N",0
1817,127,"DocDueDate","Y","Y","1.00","Y","R","N",0
1818,127,"TaxDate","Y","Y","1.00","Y","R","N",0
1819,127,"SlpCode","N","N","1.00","N",,"N",0
1820,127,"OwnerCode","N","N","1.00","N",,"N",0
1821,127,"DocTotal","Y","Y","1.00","N",,"N",0
1822,127,"Comments","Y","Y","1.00","N",,"N",0
1823,127,"TrnspCode","N","N","1.00","N",,"N",0
1824,127,"Series","N","N","1.00","N",,"N",0
1825,127,"NumAtCard","Y","Y","1.00","N",,"N",0
1826,127,"Project","Y","Y","1.00","N",,"N",0
1827,128,"CardCode","N","Y","1.00","N",,"N",0
1828,128,"OwnerCode","N","N","1.00","N",,"N",0
1829,129,"Name","Y","Y","1.00","Y","O","N",0
1830,129,"CntctCode","N","N","1.00","N",,"N",0
1831,130,"SlpName","Y","Y","1.00","Y","O","N",0
1832,130,"SlpCode","N","N","1.00","N",,"N",0
1833,131,"firstName","N","Y","1.00","N",,"N",0
1834,131,"middleName","N","Y","1.00","N",,"N",0
1835,131,"lastName","N","Y","1.00","N",,"N",0
1836,131,"empID","N","N","1.00","N",,"N",0
1837,132,"TrnspName","Y","Y","1.00","N",,"N",0
1838,132,"TrnspCode","N","N","1.00","N",,"N",0
1839,133,"LineNum","N","N","1.00","N",,"N",0
1840,133,"DocEntry","N","N","1.00","N",,"N",0
1841,133,"ItemCode","Y","Y","1.00","N",,"N",0
1842,133,"Quantity","Y","Y","1.00","N",,"N",0
1843,133,"Price","Y","Y","1.00","N",,"N",0
1844,133,"DiscPrcnt","Y","Y","1.00","N",,"N",0
1845,133,"LineTotal","Y","Y","1.00","N",,"N",0
1846,133,"Dscription","Y","Y","1.00","N",,"N",0
1847,133,"OwnerCode","N","N","1.00","N",,"N",0
1848,133,"Project","Y","Y","1.00","N",,"N",0
1849,134,"DocEntry","Y","N","1.00","N",,"N",0
1850,134,"CardCode","Y","Y","1.00","Y","O","N",0
1851,134,"CardName","Y","Y","1.00","Y","O","N",0
1852,134,"CntctCode","N","N","1.00","N",,"N",0
1853,134,"Series","N","N","1.00","N",,"N",0
1854,134,"DocNum","Y","Y","1.00","N",,"N",0
1855,134,"DocStatus","Y","Y","1.00","Y","O","N",0
1856,134,"DocDate","Y","Y","1.00","Y","R","N",0
1857,134,"DocDueDate","Y","Y","1.00","Y","R","N",0
1858,134,"TaxDate","Y","Y","1.00","Y","R","N",0
1859,134,"ReqDate","Y","Y","1.00","Y","R","N",0
1860,134,"SlpCode","N","N","1.00","N",,"N",0
1861,134,"OwnerCode","N","N","1.00","N",,"N",0
1862,134,"DocTotal","Y","Y","1.00","N",,"N",0
1863,134,"Comments","Y","Y","1.00","N",,"N",0
1864,134,"NumAtCard","Y","Y","1.00","N",,"N",0
1865,134,"Project","Y","Y","1.00","N",,"N",0
1866,135,"CardCode","N","Y","1.00","N",,"N",0
1867,135,"OwnerCode","N","N","1.00","N",,"N",0
1868,136,"SlpCode","N","N","1.00","N",,"N",0
1869,136,"SlpName","Y","Y","1.00","Y","O","N",0
1870,137,"CntctCode","N","N","1.00","N",,"N",0
1871,137,"Name","Y","Y","1.00","Y","O","N",0
1872,138,"empID","N","N","1.00","N",,"N",0
1873,138,"firstName","N","Y","1.00","N",,"N",0
1874,138,"lastName","N","Y","1.00","N",,"N",0
1875,138,"middleName","N","Y","1.00","N",,"N",0
1876,139,"DocEntry","N","N","1.00","N",,"N",0
1877,139,"LineNum","N","N","1.00","N",,"N",0
1878,139,"ItemCode","Y","Y","1.00","N",,"N",0
1879,139,"Dscription","Y","Y","1.00","N",,"N",0
1880,139,"Quantity","Y","Y","1.00","N",,"N",0
1881,139,"Price","Y","Y","1.00","N",,"N",0
1882,139,"DiscPrcnt","Y","Y","1.00","N",,"N",0
1883,139,"LineTotal","Y","Y","1.00","N",,"N",0
1884,139,"OwnerCode","N","N","1.00","N",,"N",0
1885,139,"Project","Y","Y","1.00","N",,"N",0
1886,140,"DocEntry","Y","N","1.00","N",,"N",0
1887,140,"Series","N","N","1.00","N",,"N",0
1888,140,"DocNum","Y","Y","1.00","N",,"N",0
1889,140,"DocDate","Y","Y","1.00","Y","R","N",0
1890,140,"Comments","Y","Y","1.00","N",,"N",0
1891,140,"Project","Y","Y","1.00","N",,"N",0
1892,140,"GroupNum","N","N","1.00","N",,"N",0
1893,141,"DocEntry","N","N","1.00","N",,"N",0
1894,141,"LineNum","N","N","1.00","N",,"N",0
1895,141,"BaseType","N","N","1.00","N",,"N",0
1896,141,"BaseEntry","N","N","1.00","N",,"N",0
1897,141,"BaseRef","Y","N","1.00","N",,"N",0
1898,141,"ItemCode","Y","Y","1.00","N",,"N",0
1899,141,"Quantity","Y","Y","1.00","N",,"N",0
1900,141,"Price","Y","Y","1.00","N",,"N",0
1901,141,"DiscPrcnt","Y","Y","1.00","N",,"N",0
1902,141,"LineTotal","Y","Y","1.00","N",,"N",0
1903,141,"Project","Y","Y","1.00","N",,"N",0
1904,142,"ListNum","N","N","1.00","N",,"N",0
1905,142,"ListName","N","Y","1.00","N",,"N",0
1906,143,"DocCode","Y","Y","1.00","N",,"N",0
1907,143,"DocName","Y","Y","1.00","N",,"N",0
1908,143,"Author","Y","Y","1.00","Y","O","N",0
1909,143,"Local","Y","Y","1.00","Y","O","N",0
1910,143,"Category","N","N","1.00","N",,"N",0
1911,144,"DEFLT_REP","N","N","1.00","N",,"N",0
1912,145,"ResCode","Y","Y","1.00","N",,"N",0
1913,145,"ResName","Y","Y","1.00","N",,"N",0
1914,145,"FrgnName","Y","Y","1.00","N",,"N",0
1915,145,"ResType","Y","Y","1.00","Y","O","N",0
1916,145,"ResGrpCod","N","N","1.00","N",,"N",0
1917,145,"UnitOfMsr","Y","Y","1.00","N",,"N",0
1918,145,"TimeResUn","Y","N","1.00","N",,"N",0
1919,145,"IssueMthd","Y","Y","1.00","Y","O","N",0
1920,145,"ResAlloc","Y","Y","1.00","N",,"N",0
1921,145,"validFor","Y","Y","1.00","Y","O","N",0
1922,146,"ResCode","N","N","1.00","N",,"N",0
1923,146,"ItemCode","N","N","1.00","N",,"N",0
1924,147,"ItemCode","Y","Y","1.00","N",,"N",0
1925,147,"ItemName","Y","Y","1.00","N",,"N",0
1926,147,"AsstStatus","Y","Y","1.00","N",,"N",0
1927,147,"InventryNo","Y","Y","1.00","N",,"N",0
1928,147,"Location","Y","Y","1.00","N",,"N",0
1929,148,"ResCode","N","N","1.00","N",,"N",0
1930,148,"EmpID","N","N","1.00","N",,"N",0
1931,149,"empID","N","N","1.00","N",,"N",0
1932,149,"lastName","Y","Y","1.00","N",,"N",0
1933,149,"firstName","Y","Y","1.00","N",,"N",0
1934,149,"dept","Y","Y","1.00","N",,"N",0
1935,150,"ResGrpCod","N","N","1.00","N",,"N",0
1936,150,"ResGrpNam","Y","Y","1.00","Y","O","N",0
1937,151,"DocEntry","Y","N","1.00","N",,"N",0
1938,151,"CardCode","Y","Y","1.00","Y","O","N",0
1939,151,"CardName","Y","Y","1.00","Y","O","N",0
1940,151,"CntctCode","N","N","1.00","N",,"N",0
1941,151,"Series","N","N","1.00","N",,"N",0
1942,151,"DocNum","Y","Y","1.00","N",,"N",0
1943,151,"DocStatus","Y","Y","1.00","Y","O","N",0
1944,151,"DocDate","Y","Y","1.00","Y","R","N",0
1945,151,"DocDueDate","Y","Y","1.00","Y","R","N",0
1946,151,"TaxDate","Y","Y","1.00","Y","R","N",0
1947,151,"SlpCode","N","N","1.00","N",,"N",0
1948,151,"OwnerCode","N","N","1.00","N",,"N",0
1949,151,"DocTotal","Y","Y","1.00","N",,"N",0
1950,151,"PaidToDate","N","N","1.00","N",,"N",0
1951,151,"Comments","Y","Y","1.00","N",,"N",0
1952,151,"Posted","N","N","1.00","N",,"N",0
1953,151,"NumAtCard","Y","Y","1.00","N",,"N",0
1954,151,"Project","Y","Y","1.00","N",,"N",0
1955,152,"CardCode","N","Y","1.00","N",,"N",0
1956,152,"OwnerCode","N","N","1.00","N",,"N",0
1957,153,"SlpCode","N","N","1.00","N",,"N",0
1958,153,"SlpName","Y","Y","1.00","Y","O","N",0
1959,154,"CntctCode","N","N","1.00","N",,"N",0
1960,154,"Name","Y","Y","1.00","Y","O","N",0
1961,155,"empID","N","N","1.00","N",,"N",0
1962,155,"firstName","N","Y","1.00","N",,"N",0
1963,155,"lastName","N","Y","1.00","N",,"N",0
1964,155,"middleName","N","Y","1.00","N",,"N",0
1965,156,"DocEntry","N","N","1.00","N",,"N",0
1966,156,"LineNum","N","N","1.00","N",,"N",0
1967,156,"ItemCode","Y","Y","1.00","N",,"N",0
1968,156,"Dscription","Y","Y","1.00","N",,"N",0
1969,156,"Quantity","Y","Y","1.00","N",,"N",0
1970,156,"Price","Y","Y","1.00","N",,"N",0
1971,156,"DiscPrcnt","Y","Y","1.00","N",,"N",0
1972,156,"LineTotal","Y","Y","1.00","N",,"N",0
1973,156,"Project","Y","Y","1.00","N",,"N",0
1974,157,"DocEntry","Y","N","1.00","N",,"N",0
1975,157,"CardCode","Y","Y","1.00","Y","O","N",0
1976,157,"CardName","Y","Y","1.00","Y","O","N",0
1977,157,"CntctCode","N","N","1.00","N",,"N",0
1978,157,"Series","N","N","1.00","N",,"N",0
1979,157,"DocNum","Y","Y","1.00","N",,"N",0
1980,157,"DocStatus","Y","Y","1.00","Y","O","N",0
1981,157,"DocDate","Y","Y","1.00","Y","R","N",0
1982,157,"DocDueDate","Y","Y","1.00","Y","R","N",0
1983,157,"TaxDate","Y","Y","1.00","Y","R","N",0
1984,157,"SlpCode","N","N","1.00","N",,"N",0
1985,157,"OwnerCode","N","N","1.00","N",,"N",0
1986,157,"DocTotal","Y","Y","1.00","N",,"N",0
1987,157,"PaidToDate","N","N","1.00","N",,"N",0
1988,157,"Comments","Y","Y","1.00","N",,"N",0
1989,157,"Posted","N","N","1.00","N",,"N",0
1990,157,"NumAtCard","Y","Y","1.00","N",,"N",0
1991,157,"Project","Y","Y","1.00","N",,"N",0
1992,158,"SlpCode","N","N","1.00","N",,"N",0
1993,158,"SlpName","Y","Y","1.00","Y","O","N",0
1994,159,"CntctCode","N","N","1.00","N",,"N",0
1995,159,"Name","Y","Y","1.00","Y","O","N",0
1996,160,"empID","N","N","1.00","N",,"N",0
1997,160,"firstName","N","Y","1.00","N",,"N",0
1998,160,"lastName","N","Y","1.00","N",,"N",0
1999,160,"middleName","N","Y","1.00","N",,"N",0
2000,161,"DocEntry","N","N","1.00","N",,"N",0
2001,161,"LineNum","N","N","1.00","N",,"N",0
2002,161,"ItemCode","Y","Y","1.00","N",,"N",0
2003,161,"Dscription","Y","Y","1.00","N",,"N",0
2004,161,"Quantity","Y","Y","1.00","N",,"N",0
2005,161,"Price","Y","Y","1.00","N",,"N",0
2006,161,"DiscPrcnt","Y","Y","1.00","N",,"N",0
2007,161,"LineTotal","Y","Y","1.00","N",,"N",0
2008,161,"Project","Y","Y","1.00","N",,"N",0
2009,162,"DocNum","Y","Y","1.00","N",,"N",0
2010,162,"DocEntry","Y","N","1.00","N",,"N",0
2011,162,"CardCode","Y","Y","1.00","Y","O","N",0
2012,162,"CardName","Y","Y","1.00","Y","O","N",0
2013,162,"CntctCode","N","N","1.00","N",,"N",0
2014,162,"DocStatus","Y","Y","1.00","Y","O","N",0
2015,162,"DocDate","Y","Y","1.00","Y","R","N",0
2016,162,"DocDueDate","Y","Y","1.00","Y","R","N",0
2017,162,"TaxDate","Y","Y","1.00","Y","R","N",0
2018,162,"Comments","Y","Y","1.00","N",,"N",0
2019,162,"SlpCode","N","N","1.00","N",,"N",0
2020,162,"DocTotal","Y","Y","1.00","N",,"N",0
2021,162,"PaidToDate","N","N","1.00","N",,"N",0
2022,162,"TrnspCode","N","N","1.00","N",,"N",0
2023,162,"TrackNo","Y","Y","1.00","N",,"N",0
2024,162,"OwnerCode","N","N","1.00","N",,"N",0
2025,162,"Series","N","N","1.00","N",,"N",0
2026,162,"isIns","N","N","1.00","N",,"N",0
2027,162,"NumAtCard","Y","Y","1.00","N",,"N",0
2028,162,"Project","Y","Y","1.00","N",,"N",0
2029,163,"CardCode","N","Y","1.00","N",,"N",0
2030,163,"OwnerCode","N","N","1.00","N",,"N",0
2031,164,"SlpCode","N","N","1.00","N",,"N",0
2032,164,"SlpName","Y","Y","1.00","Y","O","N",0
2033,165,"CntctCode","N","N","1.00","N",,"N",0
2034,165,"Name","Y","Y","1.00","Y","O","N",0
2035,166,"TrnspName","Y","Y","1.00","N",,"N",0
2036,166,"TrnspCode","N","N","1.00","N",,"N",0
2037,167,"firstName","N","Y","1.00","N",,"N",0
2038,167,"middleName","N","Y","1.00","N",,"N",0
2039,167,"lastName","N","Y","1.00","N",,"N",0
2040,167,"empID","N","N","1.00","N",,"N",0
2041,168,"DocEntry","N","N","1.00","N",,"N",0
2042,168,"BaseEntry","N","N","1.00","N",,"N",0
2043,168,"BaseType","N","N","1.00","N",,"N",0
2044,168,"LineNum","N","N","1.00","N",,"N",0
2045,168,"ItemCode","Y","Y","1.00","N",,"N",0
2046,168,"Dscription","Y","Y","1.00","N",,"N",0
2047,168,"Quantity","Y","Y","1.00","N",,"N",0
2048,168,"Price","Y","Y","1.00","N",,"N",0
2049,168,"DiscPrcnt","Y","Y","1.00","N",,"N",0
2050,168,"LineTotal","Y","Y","1.00","N",,"N",0
2051,168,"OwnerCode","N","N","1.00","N",,"N",0
2052,168,"Project","Y","Y","1.00","N",,"N",0
2053,169,"DocEntry","Y","N","1.00","N",,"N",0
2054,169,"CardCode","Y","Y","1.00","Y","O","N",0
2055,169,"CardName","Y","Y","1.00","Y","O","N",0
2056,169,"CntctCode","N","N","1.00","N",,"N",0
2057,169,"Series","N","N","1.00","N",,"N",0
2058,169,"DocNum","Y","Y","1.00","N",,"N",0
2059,169,"DocStatus","Y","Y","1.00","Y","O","N",0
2060,169,"DocDate","Y","Y","1.00","Y","R","N",0
2061,169,"DocDueDate","Y","Y","1.00","Y","R","N",0
2062,169,"TaxDate","Y","Y","1.00","Y","R","N",0
2063,169,"SlpCode","N","N","1.00","N",,"N",0
2064,169,"OwnerCode","N","N","1.00","N",,"N",0
2065,169,"DocTotal","Y","Y","1.00","N",,"N",0
2066,169,"PaidToDate","N","N","1.00","N",,"N",0
2067,169,"Comments","Y","Y","1.00","N",,"N",0
2068,169,"isIns","N","N","1.00","N",,"N",0
2069,169,"NumAtCard","Y","Y","1.00","N",,"N",0
2070,169,"Project","Y","Y","1.00","N",,"N",0
2071,170,"SlpCode","N","N","1.00","N",,"N",0
2072,170,"SlpName","Y","Y","1.00","Y","O","N",0
2073,171,"CntctCode","N","N","1.00","N",,"N",0
2074,171,"Name","Y","Y","1.00","Y","O","N",0
2075,172,"empID","N","N","1.00","N",,"N",0
2076,172,"firstName","N","Y","1.00","N",,"N",0
2077,172,"lastName","N","Y","1.00","N",,"N",0
2078,172,"middleName","N","Y","1.00","N",,"N",0
2079,173,"DocEntry","N","N","1.00","N",,"N",0
2080,173,"LineNum","N","N","1.00","N",,"N",0
2081,173,"ItemCode","Y","Y","1.00","N",,"N",0
2082,173,"Dscription","Y","Y","1.00","N",,"N",0
2083,173,"Quantity","Y","Y","1.00","N",,"N",0
2084,173,"Price","Y","Y","1.00","N",,"N",0
2085,173,"DiscPrcnt","Y","Y","1.00","N",,"N",0
2086,173,"LineTotal","Y","Y","1.00","N",,"N",0
2087,173,"Project","Y","Y","1.00","N",,"N",0
2088,174,"DocEntry","Y","N","1.00","N",,"N",0
2089,174,"CardCode","Y","Y","1.00","Y","O","N",0
2090,174,"CardName","Y","Y","1.00","Y","O","N",0
2091,174,"CntctCode","N","N","1.00","N",,"N",0
2092,174,"Series","N","N","1.00","N",,"N",0
2093,174,"DocNum","Y","Y","1.00","N",,"N",0
2094,174,"DocStatus","Y","Y","1.00","Y","O","N",0
2095,174,"DocDate","Y","Y","1.00","Y","R","N",0
2096,174,"DocDueDate","Y","Y","1.00","Y","R","N",0
2097,174,"TaxDate","Y","Y","1.00","Y","R","N",0
2098,174,"SlpCode","N","N","1.00","N",,"N",0
2099,174,"OwnerCode","N","N","1.00","N",,"N",0
2100,174,"Comments","Y","Y","1.00","N",,"N",0
2101,174,"DocTotal","Y","Y","1.00","N",,"N",0
2102,174,"NumAtCard","Y","Y","1.00","N",,"N",0
2103,174,"Project","Y","Y","1.00","N",,"N",0
2104,175,"CardCode","N","Y","1.00","N",,"N",0
2105,175,"OwnerCode","N","N","1.00","N",,"N",0
2106,176,"SlpCode","N","N","1.00","N",,"N",0
2107,176,"SlpName","Y","Y","1.00","Y","O","N",0
2108,177,"CntctCode","N","N","1.00","N",,"N",0
2109,177,"Name","Y","Y","1.00","Y","O","N",0
2110,178,"empID","N","N","1.00","N",,"N",0
2111,178,"firstName","N","Y","1.00","N",,"N",0
2112,178,"lastName","N","Y","1.00","N",,"N",0
2113,178,"middleName","N","Y","1.00","N",,"N",0
2114,179,"DocEntry","N","N","1.00","N",,"N",0
2115,179,"BaseEntry","N","N","1.00","N",,"N",0
2116,179,"BaseType","N","N","1.00","N",,"N",0
2117,179,"LineNum","N","N","1.00","N",,"N",0
2118,179,"ItemCode","Y","Y","1.00","N",,"N",0
2119,179,"Dscription","Y","Y","1.00","N",,"N",0
2120,179,"Quantity","Y","Y","1.00","N",,"N",0
2121,179,"Price","Y","Y","1.00","N",,"N",0
2122,179,"DiscPrcnt","Y","Y","1.00","N",,"N",0
2123,179,"LineTotal","Y","Y","1.00","N",,"N",0
2124,179,"OwnerCode","N","N","1.00","N",,"N",0
2125,179,"Project","Y","Y","1.00","N",,"N",0
2126,180,"DocNum","Y","Y","1.00","N",,"N",0
2127,180,"DocEntry","Y","N","1.00","N",,"N",0
2128,180,"CardCode","N","Y","1.00","Y","O","N",0
2129,180,"CntctCode","N","N","1.00","N",,"N",0
2130,180,"DocDate","Y","Y","1.00","Y","R","N",0
2131,180,"DocDueDate","Y","Y","1.00","Y","R","N",0
2132,180,"TaxDate","Y","Y","1.00","Y","R","N",0
2133,180,"SlpCode","N","N","1.00","N",,"N",0
2134,180,"DocStatus","Y","Y","1.00","Y","O","N",0
2135,180,"DocTotal","Y","Y","1.00","N",,"N",0
2136,180,"Comments","Y","Y","1.00","N",,"N",0
2137,180,"OwnerCode","N","N","1.00","N",,"N",0
2138,180,"PartSupply","Y","Y","1.00","N",,"N",0
2139,180,"PickRmrk","Y","Y","1.00","N",,"N",0
2140,180,"TrnspCode","N","N","1.00","N",,"N",0
2141,180,"NumAtCard","Y","Y","1.00","N",,"N",0
2142,180,"Project","Y","Y","1.00","N",,"N",0
2143,181,"DocEntry","N","N","1.00","N",,"N",0
2144,181,"BaseEntry","N","N","1.00","N",,"N",0
2145,181,"LineNum","N","N","1.00","N",,"N",0
2146,181,"ItemCode","Y","Y","1.00","N",,"N",0
2147,181,"Quantity","Y","Y","1.00","N",,"N",0
2148,181,"Price","Y","Y","1.00","N",,"N",0
2149,181,"DiscPrcnt","Y","Y","1.00","N",,"N",0
2150,181,"LineTotal","Y","Y","1.00","N",,"N",0
2151,181,"Dscription","Y","Y","1.00","N",,"N",0
2152,181,"OwnerCode","N","N","1.00","N",,"N",0
2153,181,"Project","Y","Y","1.00","N",,"N",0
2154,182,"CardCode","Y","Y","1.00","N",,"N",0
2155,182,"CardName","Y","Y","1.00","Y","O","N",0
2156,182,"OwnerCode","N","N","1.00","N",,"N",0
2157,183,"CntctCode","N","N","1.00","N",,"N",0
2158,183,"Name","Y","Y","1.00","Y","O","N",0
2159,184,"SlpCode","N","N","1.00","N",,"N",0
2160,184,"SlpName","Y","Y","1.00","Y","O","N",0
2161,185,"TrnspName","Y","Y","1.00","N",,"N",0
2162,185,"TrnspCode","N","N","1.00","N",,"N",0
2163,186,"firstName","N","Y","1.00","N",,"N",0
2164,186,"middleName","N","Y","1.00","N",,"N",0
2165,186,"lastName","N","Y","1.00","N",,"N",0
2166,186,"empID","N","N","1.00","N",,"N",0
2167,187,"DocNum","Y","Y","1.00","N",,"N",0
2168,187,"DocEntry","Y","N","1.00","N",,"N",0
2169,187,"CardCode","Y","Y","1.00","Y","O","N",0
2170,187,"CardName","Y","Y","1.00","Y","O","N",0
2171,187,"CntctCode","N","N","1.00","N",,"N",0
2172,187,"Series","N","N","1.00","N",,"N",0
2173,187,"DocStatus","Y","Y","1.00","Y","O","N",0
2174,187,"DocDate","Y","Y","1.00","Y","R","N",0
2175,187,"DocDueDate","Y","Y","1.00","Y","R","N",0
2176,187,"TaxDate","Y","Y","1.00","Y","R","N",0
2177,187,"SlpCode","N","N","1.00","N",,"N",0
2178,187,"OwnerCode","N","N","1.00","N",,"N",0
2179,187,"Comments","Y","Y","1.00","N",,"N",0
2180,187,"DocTotal","Y","Y","1.00","N",,"N",0
2181,187,"NumAtCard","Y","Y","1.00","N",,"N",0
2182,187,"Project","Y","Y","1.00","N",,"N",0
2183,188,"CardCode","N","Y","1.00","N",,"N",0
2184,188,"OwnerCode","N","N","1.00","N",,"N",0
2185,189,"SlpCode","N","N","1.00","N",,"N",0
2186,189,"SlpName","Y","Y","1.00","Y","O","N",0
2187,190,"CntctCode","N","N","1.00","N",,"N",0
2188,190,"Name","Y","Y","1.00","Y","O","N",0
2189,191,"empID","N","N","1.00","N",,"N",0
2190,191,"firstName","N","Y","1.00","N",,"N",0
2191,191,"lastName","N","Y","1.00","N",,"N",0
2192,191,"middleName","N","Y","1.00","N",,"N",0
2193,192,"DocEntry","N","N","1.00","N",,"N",0
2194,192,"LineNum","N","N","1.00","N",,"N",0
2195,192,"BaseEntry","N","N","1.00","N",,"N",0
2196,192,"BaseType","N","N","1.00","N",,"N",0
2197,192,"ItemCode","Y","Y","1.00","N",,"N",0
2198,192,"Dscription","Y","Y","1.00","N",,"N",0
2199,192,"Quantity","Y","Y","1.00","N",,"N",0
2200,192,"Price","Y","Y","1.00","N",,"N",0
2201,192,"DiscPrcnt","Y","Y","1.00","N",,"N",0
2202,192,"LineTotal","Y","Y","1.00","N",,"N",0
2203,192,"OwnerCode","N","N","1.00","N",,"N",0
2204,192,"Project","Y","Y","1.00","N",,"N",0
2205,193,"DocEntry","Y","N","1.00","N",,"N",0
2206,193,"CardCode","Y","Y","1.00","Y","O","N",0
2207,193,"CardName","Y","Y","1.00","Y","O","N",0
2208,193,"CntctCode","N","N","1.00","N",,"N",0
2209,193,"Series","N","N","1.00","N",,"N",0
2210,193,"DocNum","Y","Y","1.00","N",,"N",0
2211,193,"DocStatus","Y","Y","1.00","Y","O","N",0
2212,193,"DocDate","Y","Y","1.00","Y","R","N",0
2213,193,"DocDueDate","Y","Y","1.00","Y","R","N",0
2214,193,"TaxDate","Y","Y","1.00","Y","R","N",0
2215,193,"SlpCode","N","N","1.00","N",,"N",0
2216,193,"OwnerCode","N","N","1.00","N",,"N",0
2217,193,"Comments","Y","Y","1.00","N",,"N",0
2218,193,"DocTotal","Y","Y","1.00","N",,"N",0
2219,193,"NumAtCard","Y","Y","1.00","N",,"N",0
2220,193,"Project","Y","Y","1.00","N",,"N",0
2221,194,"CardCode","N","Y","1.00","N",,"N",0
2222,194,"OwnerCode","N","N","1.00","N",,"N",0
2223,195,"SlpCode","N","N","1.00","N",,"N",0
2224,195,"SlpName","Y","Y","1.00","Y","O","N",0
2225,196,"CntctCode","N","N","1.00","N",,"N",0
2226,196,"Name","Y","Y","1.00","Y","O","N",0
2227,197,"empID","N","N","1.00","N",,"N",0
2228,197,"firstName","N","Y","1.00","N",,"N",0
2229,197,"lastName","N","Y","1.00","N",,"N",0
2230,197,"middleName","N","Y","1.00","N",,"N",0
2231,198,"DocEntry","N","N","1.00","N",,"N",0
2232,198,"LineNum","N","N","1.00","N",,"N",0
2233,198,"ItemCode","Y","Y","1.00","N",,"N",0
2234,198,"Dscription","Y","Y","1.00","N",,"N",0
2235,198,"Quantity","Y","Y","1.00","N",,"N",0
2236,198,"Price","Y","Y","1.00","N",,"N",0
2237,198,"DiscPrcnt","Y","Y","1.00","N",,"N",0
2238,198,"LineTotal","Y","Y","1.00","N",,"N",0
2239,198,"OwnerCode","N","N","1.00","N",,"N",0
2240,198,"Project","Y","Y","1.00","N",,"N",0
2241,199,"callID","Y","Y","1.00","N",,"N",0
2242,199,"customer","Y","Y","1.00","Y","O","N",0
2243,199,"custmrName","Y","Y","1.00","Y","O","N",0
2244,199,"contctCode","N","N","1.00","N",,"N",0
2245,199,"status","N","N","1.00","N",,"N",0
2246,199,"priority","Y","Y","1.00","Y","O","N",0
2247,199,"createDate","Y","Y","1.00","Y","R","N",0
2248,199,"createTime","Y","Y","1.00","N",,"N",0
2249,199,"closeDate","Y","Y","1.00","Y","R","N",0
2250,199,"closeTime","Y","Y","1.00","N",,"N",0
2251,199,"contractID","Y","Y","1.00","Y","O","N",0
2252,199,"manufSN","Y","Y","1.00","N",,"N",0
2253,199,"internalSN","Y","Y","1.00","N",,"N",0
2254,199,"itemCode","Y","Y","1.00","Y","O","N",0
2255,199,"itemName","Y","Y","1.00","N",,"N",0
2256,199,"itemGroup","N","N","1.00","N",,"N",0
2257,199,"origin","N","N","1.00","N",,"N",0
2258,199,"problemTyp","N","N","1.00","N",,"N",0
2259,199,"callType","N","N","1.00","N",,"N",0
2260,199,"assignee","N","N","1.00","N",,"N",0
2261,199,"Queue","Y","Y","1.00","Y","O","N",0
2262,199,"technician","N","N","1.00","N",,"N",0
2263,200,"Phone1","N","Y","1.00","N",,"N",0
2264,200,"Phone2","N","Y","1.00","N",,"N",0
2265,200,"Cellular","N","Y","1.00","N",,"N",0
2266,200,"CardCode","N","N","1.00","N",,"N",0
2267,200,"OwnerCode","N","N","1.00","N",,"N",0
2268,201,"Name","Y","Y","1.00","Y","O","N",0
2269,201,"Tel1","N","Y","1.00","N",,"N",0
2270,201,"Tel2","N","Y","1.00","N",,"N",0
2271,201,"Cellolar","N","Y","1.00","N",,"N",0
2272,201,"CntctCode","N","N","1.00","N",,"N",0
2273,202,"Name","Y","Y","1.00","Y","O","N",0
2274,202,"statusID","N","N","1.00","N",,"N",0
2275,203,"Name","Y","Y","1.00","Y","O","N",0
2276,203,"originID","N","N","1.00","N",,"N",0
2277,204,"Name","Y","Y","1.00","Y","O","N",0
2278,204,"prblmTypID","N","N","1.00","N",,"N",0
2279,205,"Name","Y","Y","1.00","Y","O","N",0
2280,205,"callTypeID","N","N","1.00","N",,"N",0
2281,206,"U_NAME","Y","Y","1.00","Y","O","N",0
2282,206,"USERID","N","N","1.00","N",,"N",0
2283,207,"firstName","N","Y","1.00","N",,"N",0
2284,207,"middleName","N","Y","1.00","N",,"N",0
2285,207,"lastName","N","Y","1.00","N",,"N",0
2286,207,"empID","N","N","1.00","N",,"N",0
2287,208,"ItmsGrpCod","N","N","1.00","N",,"N",0
2288,208,"ItmsGrpNam","Y","Y","1.00","Y","O","N",0