"ACCTCODE","FATHERACCOUNT","GL_ACCOUNT","FORMATCODE","SEGMENT0","SEGMENT1","SEGMENT2","SEGMENT3","SEGMENT4","SEGMENT5","SEGMENT6","SEGMENT7","SEGMENT8","SEGMENT9"
"400000","400000000000000(Revenue)","400000(Local Revenue)","-No FormatCode-","","","","","","","","","",""
"511000","---------(Direct Expenses)","511000(Staff Welfare Expenses)","-No FormatCode-","","","","","","","","","",""
"_SYS00000000371","---------(Staff Welfare Expenses)","511005(Per Diem)","511005","511005","-No Segment1-","-No Segment2-","-No Segment3-","-No Segment4-","-No Segment5-","-No Segment6-","-No Segment7-","-No Segment8-","-No Segment9-"
"_SYS00000000079","---------(Unsecured Loans)","240013(Loan From Directors)","240013","240013","-No Segment1-","-No Segment2-","-No Segment3-","-No Segment4-","-No Segment5-","-No Segment6-","-No Segment7-","-No Segment8-","-No Segment9-"
"341000","300000000000000(Equity)","341000(Profit & Loss)","-No FormatCode-","","","","","","","","","",""
"_SYS00000000031","---------(Cash-in-hand)","150001(Cash)","150001","150001","-No Segment1-","-No Segment2-","-No Segment3-","-No Segment4-","-No Segment5-","-No Segment6-","-No Segment7-","-No Segment8-","-No Segment9-"
"_SYS00000000056","---------(Provisions)","220008(P.F. Employees Share)","220008","220008","-No Segment1-","-No Segment2-","-No Segment3-","-No Segment4-","-No Segment5-","-No Segment6-","-No Segment7-","-No Segment8-","-No Segment9-"
"111000","---------(Fixed Assets)","111000(Other Long Term Assets)","-No FormatCode-","","","","","","","","","",""
"410000","---------(Local Revenue)","410000(Licenses Sales- Domestic)","-No FormatCode-","","","","","","","","","",""
"_SYS00000000177","---------(Other Long Term Assets)","111001(Supplementary Capital)","111001","111001","-No Segment1-","-No Segment2-","-No Segment3-","-No Segment4-","-No Segment5-","-No Segment6-","-No Segment7-","-No Segment8-","-No Segment9-"
"_SYS00000000372","---------(Staff Welfare Expenses)","511006(Bonus)","511006","511006","-No Segment1-","-No Segment2-","-No Segment3-","-No Segment4-","-No Segment5-","-No Segment6-","-No Segment7-","-No Segment8-","-No Segment9-"
"112000","---------(Fixed Assets)","112000(Accumulated Depreciation)","-No FormatCode-","","","","","","","","","",""
"_SYS00000000004","---------(Fixed Assets)","110003(Computer & Equipments)","110003","110003","-No Segment1-","-No Segment2-","-No Segment3-","-No Segment4-","-No Segment5-","-No Segment6-","-No Segment7-","-No Segment8-","-No Segment9-"
"_SYS00000000090","---------(Licenses Sales- Domestic)","410002(Cloud Licenses)","410002","410002","-No Segment1-","-No Segment2-","-No Segment3-","-No Segment4-","-No Segment5-","-No Segment6-","-No Segment7-","-No Segment8-","-No Segment9-"
"340000","---------(Profit & Loss)","340000(Profit & Loss)","-No FormatCode-","","","","","","","","","",""
"_SYS00000000179","---------(Accumulated Depreciation)","112001(Accum Depn - Air Conditionor)","112001","112001","-No Segment1-","-No Segment2-","-No Segment3-","-No Segment4-","-No Segment5-","-No Segment6-","-No Segment7-","-No Segment8-","-No Segment9-"
"_SYS00000000122","---------(Licenses Sales- Domestic)","410003(S4 HANA Licenses)","410003","410003","-No Segment1-","-No Segment2-","-No Segment3-","-No Segment4-","-No Segment5-","-No Segment6-","-No Segment7-","-No Segment8-","-No Segment9-"
"100000000000000",,"100000000000000(Asset)","-No FormatCode-","-No Segment0-","-No Segment1-","-No Segment2-","-No Segment3-","-No Segment4-","-No Segment5-","-No Segment6-","-No Segment7-","-No Segment8-","-No Segment9-"
"_SYS00000000146","---------(Services Sales- Domestic)","411003(SAP B1 Implementation)","411003","411003","-No Segment1-","-No Segment2-","-No Segment3-","-No Segment4-","-No Segment5-","-No Segment6-","-No Segment7-","-No Segment8-","-No Segment9-"
"200000000000000",,"200000000000000(Liability)","-No FormatCode-","-No Segment0-","-No Segment1-","-No Segment2-","-No Segment3-","-No Segment4-","-No Segment5-","-No Segment6-","-No Segment7-","-No Segment8-","-No Segment9-"
"_SYS00000000060","---------(TDS Payable)","220012(TDS Salary)","220012","220012","-No Segment1-","-No Segment2-","-No Segment3-","-No Segment4-","-No Segment5-","-No Segment6-","-No Segment7-","-No Segment8-","-No Segment9-"
"_SYS00000000062","---------(Provisions)","230001(Profession Tax)","230001","230001","-No Segment1-","-No Segment2-","-No Segment3-","-No Segment4-","-No Segment5-","-No Segment6-","-No Segment7-","-No Segment8-","-No Segment9-"
"_SYS00000000147","---------(Services Sales- Domestic)","411004(SAP B1 AMC (Licenses))","411004","411004","-No Segment1-","-No Segment2-","-No Segment3-","-No Segment4-","-No Segment5-","-No Segment6-","-No Segment7-","-No Segment8-","-No Segment9-"
"_SYS00000000370","---------(Unsecured Loans)","261002(Loan from other)","261002","261002","-No Segment1-","-No Segment2-","-No Segment3-","-No Segment4-","-No Segment5-","-No Segment6-","-No Segment7-","-No Segment8-","-No Segment9-"
"_SYS00000000337","---------(Indirect Incomes)","420005(Intrest on ITR TDS Refund)","420005","420005","-No Segment1-","-No Segment2-","-No Segment3-","-No Segment4-","-No Segment5-","-No Segment6-","-No Segment7-","-No Segment8-","-No Segment9-"
"300000000000000",,"300000000000000(Equity)","-No FormatCode-","-No Segment0-","-No Segment1-","-No Segment2-","-No Segment3-","-No Segment4-","-No Segment5-","-No Segment6-","-No Segment7-","-No Segment8-","-No Segment9-"
"_SYS00000000064","---------(Provisions)","230003(Salary Payable)","230003","230003","-No Segment1-","-No Segment2-","-No Segment3-","-No Segment4-","-No Segment5-","-No Segment6-","-No Segment7-","-No Segment8-","-No Segment9-"
"_SYS00000000057","---------(TDS Payable)","220009(TDS-Profestional Tax)","220009","220009","-No Segment1-","-No Segment2-","-No Segment3-","-No Segment4-","-No Segment5-","-No Segment6-","-No Segment7-","-No Segment8-","-No Segment9-"
"400000000000000",,"400000000000000(Revenue)","-No FormatCode-","-No Segment0-","-No Segment1-","-No Segment2-","-No Segment3-","-No Segment4-","-No Segment5-","-No Segment6-","-No Segment7-","-No Segment8-","-No Segment9-"
"500000000000000",,"500000000000000(Expenditure)","-No FormatCode-","-No Segment0-","-No Segment1-","-No Segment2-","-No Segment3-","-No Segment4-","-No Segment5-","-No Segment6-","-No Segment7-","-No Segment8-","-No Segment9-"
"510000","500000000000000(Expenditure)","510000(Direct Expenses)","-No FormatCode-","","","","","","","","","",""
"310000","---------(Capital Account)","310000(Share Capital)","-No FormatCode-","","","","","","","","","",""
"700000000000000",,"700000000000000(#7)","-No FormatCode-","-No Segment0-","-No Segment1-","-No Segment2-","-No Segment3-","-No Segment4-","-No Segment5-","-No Segment6-","-No Segment7-","-No Segment8-","-No Segment9-"
"800000000000000",,"800000000000000(#8)","-No FormatCode-","-No Segment0-","-No Segment1-","-No Segment2-","-No Segment3-","-No Segment4-","-No Segment5-","-No Segment6-","-No Segment7-","-No Segment8-","-No Segment9-"
"900000000000000",,"900000000000000(#9)","-No FormatCode-","-No Segment0-","-No Segment1-","-No Segment2-","-No Segment3-","-No Segment4-","-No Segment5-","-No Segment6-","-No Segment7-","-No Segment8-","-No Segment9-"
"A00000000000000",,"A00000000000000(#10)","-No FormatCode-","-No Segment0-","-No Segment1-","-No Segment2-","-No Segment3-","-No Segment4-","-No Segment5-","-No Segment6-","-No Segment7-","-No Segment8-","-No Segment9-"
"_SYS00000000180","---------(Accumulated Depreciation)","112002(Accumulated Unplanned Depr.)","112002","112002","-No Segment1-","-No Segment2-","-No Segment3-","-No Segment4-","-No Segment5-","-No Segment6-","-No Segment7-","-No Segment8-","-No Segment9-"
"_SYS00000000112","---------(Indirect Expenses)","520015(Repair & Maintenance)","520015","520015","-No Segment1-","-No Segment2-","-No Segment3-","-No Segment4-","-No Segment5-","-No Segment6-","-No Segment7-","-No Segment8-","-No Segment9-"
"_SYS00000000336","---------(Share Capital)","310003(Paid of capital)","310003","310003","-No Segment1-","-No Segment2-","-No Segment3-","-No Segment4-","-No Segment5-","-No Segment6-","-No Segment7-","-No Segment8-","-No Segment9-"
"411000","---------(Local Revenue)","411000(Services Sales- Domestic)","-No FormatCode-","","","","","","","","","",""
"_SYS00000000181","---------(Accumulated Depreciation)","112003(Accumulated Special Depr.)","112003","112003","-No Segment1-","-No Segment2-","-No Segment3-","-No Segment4-","-No Segment5-","-No Segment6-","-No Segment7-","-No Segment8-","-No Segment9-"
"_SYS00000000182","---------(Accumulated Depreciation)","112004(Accum Depn - Car)","112004","112004","-No Segment1-","-No Segment2-","-No Segment3-","-No Segment4-","-No Segment5-","-No Segment6-","-No Segment7-","-No Segment8-","-No Segment9-"
"_SYS00000000183","---------(Accumulated Depreciation)","112005(Accum Depn - Computer & Equipments)","112005","112005","-No Segment1-","-No Segment2-","-No Segment3-","-No Segment4-","-No Segment5-","-No Segment6-","-No Segment7-","-No Segment8-","-No Segment9-"
"_SYS00000000184","---------(Accumulated Depreciation)","112006(Accum Depn - Cooling Systems)","112006","112006","-No Segment1-","-No Segment2-","-No Segment3-","-No Segment4-","-No Segment5-","-No Segment6-","-No Segment7-","-No Segment8-","-No Segment9-"
"_SYS00000000185","---------(Accumulated Depreciation)","112007(Accum Depn - Electrical Equipments)","112007","112007","-No Segment1-","-No Segment2-","-No Segment3-","-No Segment4-","-No Segment5-","-No Segment6-","-No Segment7-","-No Segment8-","-No Segment9-"
"_SYS00000000186","---------(Accumulated Depreciation)","112008(Accum Depn - Fan)","112008","112008","-No Segment1-","-No Segment2-","-No Segment3-","-No Segment4-","-No Segment5-","-No Segment6-","-No Segment7-","-No Segment8-","-No Segment9-"
"_SYS00000000187","---------(Accumulated Depreciation)","112009(Accum Depn - Furniture & Fixture)","112009","112009","-No Segment1-","-No Segment2-","-No Segment3-","-No Segment4-","-No Segment5-","-No Segment6-","-No Segment7-","-No Segment8-","-No Segment9-"
"_SYS00000000188","---------(Accumulated Depreciation)","112010(Accum Depn - Inverter)","112010","112010","-No Segment1-","-No Segment2-","-No Segment3-","-No Segment4-","-No Segment5-","-No Segment6-","-No Segment7-","-No Segment8-","-No Segment9-"
"300000","300000000000000(Equity)","300000(Capital Account)","-No FormatCode-","","","","","","","","","",""
"_SYS00000000189","---------(Accumulated Depreciation)","112011(Accum Depn - Modems)","112011","112011","-No Segment1-","-No Segment2-","-No Segment3-","-No Segment4-","-No Segment5-","-No Segment6-","-No Segment7-","-No Segment8-","-No Segment9-"
"_SYS00000000190","---------(Accumulated Depreciation)","112012(Accum Depn - Modular)","112012","112012","-No Segment1-","-No Segment2-","-No Segment3-","-No Segment4-","-No Segment5-","-No Segment6-","-No Segment7-","-No Segment8-","-No Segment9-"
"_SYS00000000191","---------(Accumulated Depreciation)","112013(Accum Depn - Printer)","112013","112013","-No Segment1-","-No Segment2-","-No Segment3-","-No Segment4-","-No Segment5-","-No Segment6-","-No Segment7-","-No Segment8-","-No Segment9-"
"320000","---------(Capital Account)","320000(Reserve & surplus)","-No FormatCode-","","","","","","","","","",""
"_SYS00000000318","---------(Indirect Expenses)","520037(Registration Charges)","520037","520037","-No Segment1-","-No Segment2-","-No Segment3-","-No Segment4-","-No Segment5-","-No Segment6-","-No Segment7-","-No Segment8-","-No Segment9-"
"261000","---------(Loans (Liability))","261000(Unsecured Loans)","-No FormatCode-","","","","","","","","","",""
"_SYS00000000192","---------(Accumulated Depreciation)","112014(Accum Depn - Water Purifier)","112014","112014","-No Segment1-","-No Segment2-","-No Segment3-","-No Segment4-","-No Segment5-","-No Segment6-","-No Segment7-","-No Segment8-","-No Segment9-"
"100000","100000000000000(Asset)","100000(Fixed Assets)","-No FormatCode-","","","","","","","","","",""
"180000","---------(Current Assets)","180000(Deposits (Asset))","-No FormatCode-","","","","","","","","","",""
"100001","100000000000000(Asset)","100001(Current Assets)","-No FormatCode-","","","","","","","","","",""
"110000","---------(Fixed Assets)","110000(Fixed Assets)","-No FormatCode-","","","","","","","","","",""
"_SYS00000000095","---------(Salary)","510001(Salary)","510001","510001","-No Segment1-","-No Segment2-","-No Segment3-","-No Segment4-","-No Segment5-","-No Segment6-","-No Segment7-","-No Segment8-","-No Segment9-"
"_SYS00000000339","---------(Indirect Expenses)","520045(Accommodation Expense)","520045","520045","-No Segment1-","-No Segment2-","-No Segment3-","-No Segment4-","-No Segment5-","-No Segment6-","-No Segment7-","-No Segment8-","-No Segment9-"
"_SYS00000000002","---------(Fixed Assets)","110001(Air Conditionar)","110001","110001","-No Segment1-","-No Segment2-","-No Segment3-","-No Segment4-","-No Segment5-","-No Segment6-","-No Segment7-","-No Segment8-","-No Segment9-"
"_SYS00000000003","---------(Fixed Assets)","110002(Car)","110002","110002","-No Segment1-","-No Segment2-","-No Segment3-","-No Segment4-","-No Segment5-","-No Segment6-","-No Segment7-","-No Segment8-","-No Segment9-"
"_SYS00000000224","---------(Fix Deposit with HDFC)","170008(HDFC FD 50300243886000)","170008","170008","-No Segment1-","-No Segment2-","-No Segment3-","-No Segment4-","-No Segment5-","-No Segment6-","-No Segment7-","-No Segment8-","-No Segment9-"
"_SYS00000000299","---------(Duty & Taxes Payable)","220023(OutPut SGST :14%)","220023","220023","-No Segment1-","-No Segment2-","-No Segment3-","-No Segment4-","-No Segment5-","-No Segment6-","-No Segment7-","-No Segment8-","-No Segment9-"
"_SYS00000000006","---------(Fixed Assets)","110005(Electrical Equipments)","110005","110005","-No Segment1-","-No Segment2-","-No Segment3-","-No Segment4-","-No Segment5-","-No Segment6-","-No Segment7-","-No Segment8-","-No Segment9-"
"_SYS00000000007","---------(Fixed Assets)","110006(Fan)","110006","110006","-No Segment1-","-No Segment2-","-No Segment3-","-No Segment4-","-No Segment5-","-No Segment6-","-No Segment7-","-No Segment8-","-No Segment9-"
"_SYS00000000008","---------(Fixed Assets)","110007(Furniture & Fixture)","110007","110007","-No Segment1-","-No Segment2-","-No Segment3-","-No Segment4-","-No Segment5-","-No Segment6-","-No Segment7-","-No Segment8-","-No Segment9-"
"_SYS00000000009","---------(Fixed Assets)","110008(Inverter)","110008","110008","-No Segment1-","-No Segment2-","-No Segment3-","-No Segment4-","-No Segment5-","-No Segment6-","-No Segment7-","-No Segment8-","-No Segment9-"
"_SYS00000000010","---------(Fixed Assets)","110009(Modems)","110009","110009","-No Segment1-","-No Segment2-","-No Segment3-","-No Segment4-","-No Segment5-","-No Segment6-","-No Segment7-","-No Segment8-","-No Segment9-"
"_SYS00000000037","---------(Deposits (Asset))","180002(Fixed Deposit)","180002","180002","-No Segment1-","-No Segment2-","-No Segment3-","-No Segment4-","-No Segment5-","-No Segment6-","-No Segment7-","-No Segment8-","-No Segment9-"
"_SYS00000000038","---------(Deposits (Asset))","180003(S D : S T P I)","180003","180003","-No Segment1-","-No Segment2-","-No Segment3-","-No Segment4-","-No Segment5-","-No Segment6-","-No Segment7-","-No Segment8-","-No Segment9-"
"130000","---------(Current Assets)","130000(Loans & Advances (Asset))","-No FormatCode-","","","","","","","","","",""
"_SYS00000000225","---------(Fix Deposit with HDFC)","170009(HDFC FD 50300243886026)","170009","170009","-No Segment1-","-No Segment2-","-No Segment3-","-No Segment4-","-No Segment5-","-No Segment6-","-No Segment7-","-No Segment8-","-No Segment9-"
"_SYS00000000355","---------(Fix Deposit with HDFC)","170011(HDFC FD 50300394980184)","170011","170011","-No Segment1-","-No Segment2-","-No Segment3-","-No Segment4-","-No Segment5-","-No Segment6-","-No Segment7-","-No Segment8-","-No Segment9-"
"_SYS00000000151","---------(Services Sales- Domestic)","411008(S4 HANA AMC (Licenses))","411008","411008","-No Segment1-","-No Segment2-","-No Segment3-","-No Segment4-","-No Segment5-","-No Segment6-","-No Segment7-","-No Segment8-","-No Segment9-"
"260000","200000000000000(Liability)","260000(Loans (Liability))","-No FormatCode-","","","","","","","","","",""
"_SYS00000000300","---------(Duty & Taxes Payable)","220024(Output IGST 28%)","220024","220024","-No Segment1-","-No Segment2-","-No Segment3-","-No Segment4-","-No Segment5-","-No Segment6-","-No Segment7-","-No Segment8-","-No Segment9-"
"_SYS00000000110","---------(Indirect Expenses)","520013(Office Expenses)","520013","520013","-No Segment1-","-No Segment2-","-No Segment3-","-No Segment4-","-No Segment5-","-No Segment6-","-No Segment7-","-No Segment8-","-No Segment9-"
"_SYS00000000274","---------(Unsecured Loans)","261001(UL From Crave LLC US)","261001","261001","-No Segment1-","-No Segment2-","-No Segment3-","-No Segment4-","-No Segment5-","-No Segment6-","-No Segment7-","-No Segment8-","-No Segment9-"
"_SYS00000000275","---------(Provisions)","230005(Rent Payable)","230005","230005","-No Segment1-","-No Segment2-","-No Segment3-","-No Segment4-","-No Segment5-","-No Segment6-","-No Segment7-","-No Segment8-","-No Segment9-"
"242000","---------(Current Liabilities)","242000(Other Current Liabilities)","-No FormatCode-","","","","","","","","","",""
"_SYS00000000068","---------(Sundry Creditors)","240002(Aqua Rock Enterprises)","240002","240002","-No Segment1-","-No Segment2-","-No Segment3-","-No Segment4-","-No Segment5-","-No Segment6-","-No Segment7-","-No Segment8-","-No Segment9-"
"210000","200000000000000(Liability)","210000(Current Liabilities)","-No FormatCode-","","","","","","","","","",""
"_SYS00000000050","---------(Duty & Taxes Payable)","220002(Output CGST : 0%)","220002","220002","-No Segment1-","-No Segment2-","-No Segment3-","-No Segment4-","-No Segment5-","-No Segment6-","-No Segment7-","-No Segment8-","-No Segment9-"
"_SYS00000000051","---------(Duty & Taxes Payable)","220003(Output SGST : 0%)","220003","220003","-No Segment1-","-No Segment2-","-No Segment3-","-No Segment4-","-No Segment5-","-No Segment6-","-No Segment7-","-No Segment8-","-No Segment9-"
"_SYS00000000304","---------(Duty & Taxes Payable)","220025(Output CGST : 2.50%)","220025","220025","-No Segment1-","-No Segment2-","-No Segment3-","-No Segment4-","-No Segment5-","-No Segment6-","-No Segment7-","-No Segment8-","-No Segment9-"
"_SYS00000000305","---------(Duty & Taxes Payable)","220026(Output SGST : 2.50%)","220026","220026","-No Segment1-","-No Segment2-","-No Segment3-","-No Segment4-","-No Segment5-","-No Segment6-","-No Segment7-","-No Segment8-","-No Segment9-"
"230000","---------(Current Liabilities)","230000(Provisions)","-No FormatCode-","","","","","","","","","",""
"_SYS00000000235","---------(Duty & Taxes Payable)","220021(Output IGST : 12%)","220021","220021","-No Segment1-","-No Segment2-","-No Segment3-","-No Segment4-","-No Segment5-","-No Segment6-","-No Segment7-","-No Segment8-","-No Segment9-"
"_SYS00000000234","---------(Duty & Taxes Payable)","220020(Output SGST : 6%)","220020","220020","-No Segment1-","-No Segment2-","-No Segment3-","-No Segment4-","-No Segment5-","-No Segment6-","-No Segment7-","-No Segment8-","-No Segment9-"
"_SYS00000000233","---------(Duty & Taxes Payable)","220019(Output CGST : 6%)","220019","220019","-No Segment1-","-No Segment2-","-No Segment3-","-No Segment4-","-No Segment5-","-No Segment6-","-No Segment7-","-No Segment8-","-No Segment9-"
"_SYS00000000015","---------(Sub Current Assets)","120001(Deferred Tax)","120001","120001","-No Segment1-","-No Segment2-","-No Segment3-","-No Segment4-","-No Segment5-","-No Segment6-","-No Segment7-","-No Segment8-","-No Segment9-"
"_SYS00000000054","---------(Duty & Taxes Payable)","220006(Output IGST : 18%)","220006","220006","-No Segment1-","-No Segment2-","-No Segment3-","-No Segment4-","-No Segment5-","-No Segment6-","-No Segment7-","-No Segment8-","-No Segment9-"
"220000","---------(Current Liabilities)","220000(Duty & Taxes Payable)","-No FormatCode-","","","","","","","","","",""
"_SYS00000000063","---------(Provisions)","230002(Provision for Tax)","230002","230002","-No Segment1-","-No Segment2-","-No Segment3-","-No Segment4-","-No Segment5-","-No Segment6-","-No Segment7-","-No Segment8-","-No Segment9-"
"_SYS00000000369","---------(Indirect Expenses)","520052(Employee Learning and Development  Expense)","520052","520052","-No Segment1-","-No Segment2-","-No Segment3-","-No Segment4-","-No Segment5-","-No Segment6-","-No Segment7-","-No Segment8-","-No Segment9-"
"_SYS00000000106","---------(Indirect Expenses)","520009(Incubation Charges : STPI)","520009","520009","-No Segment1-","-No Segment2-","-No Segment3-","-No Segment4-","-No Segment5-","-No Segment6-","-No Segment7-","-No Segment8-","-No Segment9-"
"_SYS00000000150","---------(Services Sales- Domestic)","411007(S4 HANA Implementation)","411007","411007","-No Segment1-","-No Segment2-","-No Segment3-","-No Segment4-","-No Segment5-","-No Segment6-","-No Segment7-","-No Segment8-","-No Segment9-"
"_SYS00000000227","---------(Indirect Expenses)","520029(Petty Cash Expenses)","520029","520029","-No Segment1-","-No Segment2-","-No Segment3-","-No Segment4-","-No Segment5-","-No Segment6-","-No Segment7-","-No Segment8-","-No Segment9-"
"240000","---------(Current Liabilities)","240000(Sundry Creditors)","-No FormatCode-","","","","","","","","","",""
"_SYS00000000073","---------(Sundry Creditors)","240007(Hindewadi Industires Associations)","240007","240007","-No Segment1-","-No Segment2-","-No Segment3-","-No Segment4-","-No Segment5-","-No Segment6-","-No Segment7-","-No Segment8-","-No Segment9-"
"_SYS00000000084","---------(Sundry Creditors)","240018(Software Technology Park of India)","240018","240018","-No Segment1-","-No Segment2-","-No Segment3-","-No Segment4-","-No Segment5-","-No Segment6-","-No Segment7-","-No Segment8-","-No Segment9-"
"241000","---------(Current Liabilities)","241000(TDS Payable)","-No FormatCode-","","","","","","","","","",""
"_SYS00000000323","---------(Other Current Liabilities)","210004(Duties & Taxes)","210004","210004","-No Segment1-","-No Segment2-","-No Segment3-","-No Segment4-","-No Segment5-","-No Segment6-","-No Segment7-","-No Segment8-","-No Segment9-"
"243000","---------(Current Liabilities)","243000(Advance From Client)","-No FormatCode-","","","","","","","","","",""
"512000","---------(Direct Expenses)","512000(Salary)","-No FormatCode-","","","","","","","","","",""
"_SYS00000000315","---------(Provisions)","230004(Timesheet Payable)","230004","230004","-No Segment1-","-No Segment2-","-No Segment3-","-No Segment4-","-No Segment5-","-No Segment6-","-No Segment7-","-No Segment8-","-No Segment9-"
"140000","---------(Current Assets)","140000(Sundry Debtors)","-No FormatCode-","","","","","","","","","",""
"_SYS00000000027","---------(Sundry Debtors)","140006(Dr. Reddy Laboratories Ltd.)","140006","140006","-No Segment1-","-No Segment2-","-No Segment3-","-No Segment4-","-No Segment5-","-No Segment6-","-No Segment7-","-No Segment8-","-No Segment9-"
"_SYS00000000029","---------(Sundry Debtors)","140008(Taori Marketing)","140008","140008","-No Segment1-","-No Segment2-","-No Segment3-","-No Segment4-","-No Segment5-","-No Segment6-","-No Segment7-","-No Segment8-","-No Segment9-"
"_SYS00000000241","190000(Duty & Taxes Receivable)","190007(Input CGST : 0%)","190007","190007","-No Segment1-","-No Segment2-","-No Segment3-","-No Segment4-","-No Segment5-","-No Segment6-","-No Segment7-","-No Segment8-","-No Segment9-"
"_SYS00000000326","---------(TDS Payable)","220029(TDS-commission)","220029","220029","-No Segment1-","-No Segment2-","-No Segment3-","-No Segment4-","-No Segment5-","-No Segment6-","-No Segment7-","-No Segment8-","-No Segment9-"
"141000","---------(Current Assets)","141000(Advanced to  Vendor)","-No FormatCode-","","","","","","","","","",""
"150000","---------(Current Assets)","150000(Cash-in-hand)","-No FormatCode-","","","","","","","","","",""
"160000","---------(Current Assets)","160000(Bank Accounts)","-No FormatCode-","","","","","","","","","",""
"170000","---------(Current Assets)","170000(Fix Deposit with HDFC)","-No FormatCode-","","","","","","","","","",""
"_SYS00000000362","---------(Other Current Liabilities)","520049(Advancee for HB1 Visa Expense(Employee))","520049","520049","-No Segment1-","-No Segment2-","-No Segment3-","-No Segment4-","-No Segment5-","-No Segment6-","-No Segment7-","-No Segment8-","-No Segment9-"
"_SYS00000000149","---------(Services Sales- Domestic)","411006(Annual Application Support)","411006","411006","-No Segment1-","-No Segment2-","-No Segment3-","-No Segment4-","-No Segment5-","-No Segment6-","-No Segment7-","-No Segment8-","-No Segment9-"
"_SYS00000000099","---------(Indirect Expenses)","520002(Bank Charges)","520002","520002","-No Segment1-","-No Segment2-","-No Segment3-","-No Segment4-","-No Segment5-","-No Segment6-","-No Segment7-","-No Segment8-","-No Segment9-"
"_SYS00000000352","---------(Services Sales- Domestic)","411017(IHMS Licenses)","411017","411017","-No Segment1-","-No Segment2-","-No Segment3-","-No Segment4-","-No Segment5-","-No Segment6-","-No Segment7-","-No Segment8-","-No Segment9-"
"515000","---------(Direct Expenses)","515000(Timesheet Expenses)","-No FormatCode-","","","","","","","","","",""
"_SYS00000000219","---------(Fix Deposit with HDFC)","170003(HDFC FD 50300243885852)","170003","170003","-No Segment1-","-No Segment2-","-No Segment3-","-No Segment4-","-No Segment5-","-No Segment6-","-No Segment7-","-No Segment8-","-No Segment9-"
"513000","---------(Direct Expenses)","513000(Salary Time Slot)","-No FormatCode-","","","","","","","","","",""
"_SYS00000000011","---------(Fixed Assets)","110010(Modular)","110010","110010","-No Segment1-","-No Segment2-","-No Segment3-","-No Segment4-","-No Segment5-","-No Segment6-","-No Segment7-","-No Segment8-","-No Segment9-"
"330000","200000000000000(Liability)","330000(Suspence Account)","-No FormatCode-","","","","","","","","","",""
"_SYS00000000324","---------(Duty & Taxes Payable)","220028(Exempt)","220028","220028","-No Segment1-","-No Segment2-","-No Segment3-","-No Segment4-","-No Segment5-","-No Segment6-","-No Segment7-","-No Segment8-","-No Segment9-"
"_SYS00000000322","---------(Other Current Liabilities)","210003(Advance From Crave LLC U.S)","210003","210003","-No Segment1-","-No Segment2-","-No Segment3-","-No Segment4-","-No Segment5-","-No Segment6-","-No Segment7-","-No Segment8-","-No Segment9-"
"_SYS00000000047","---------(Other Current Liabilities)","210001(Rent Deposit : Nimdex)","210001","210001","-No Segment1-","-No Segment2-","-No Segment3-","-No Segment4-","-No Segment5-","-No Segment6-","-No Segment7-","-No Segment8-","-No Segment9-"
"_SYS00000000353","---------(Services Sales- Domestic)","411018(IHMS Implementation)","411018","411018","-No Segment1-","-No Segment2-","-No Segment3-","-No Segment4-","-No Segment5-","-No Segment6-","-No Segment7-","-No Segment8-","-No Segment9-"
"_SYS00000000220","---------(Fix Deposit with HDFC)","170004(HDFC FD 503000243885928)","170004","170004","-No Segment1-","-No Segment2-","-No Segment3-","-No Segment4-","-No Segment5-","-No Segment6-","-No Segment7-","-No Segment8-","-No Segment9-"
"331000","---------(Suspence Account)","331000(Suspence Account)","-No FormatCode-","","","","","","","","","",""
"_SYS00000000109","---------(Indirect Expenses)","520012(Internet Expenses)","520012","520012","-No Segment1-","-No Segment2-","-No Segment3-","-No Segment4-","-No Segment5-","-No Segment6-","-No Segment7-","-No Segment8-","-No Segment9-"
"_SYS00000000221","---------(Fix Deposit with HDFC)","170005(HDFC FD 50300243885967)","170005","170005","-No Segment1-","-No Segment2-","-No Segment3-","-No Segment4-","-No Segment5-","-No Segment6-","-No Segment7-","-No Segment8-","-No Segment9-"
"_SYS00000000252","---------(Staff Welfare Expenses)","511001(Annual Bonus)","511001","511001","-No Segment1-","-No Segment2-","-No Segment3-","-No Segment4-","-No Segment5-","-No Segment6-","-No Segment7-","-No Segment8-","-No Segment9-"
"600000000000000",,"600000000000000(#6)","-No FormatCode-","-No Segment0-","-No Segment1-","-No Segment2-","-No Segment3-","-No Segment4-","-No Segment5-","-No Segment6-","-No Segment7-","-No Segment8-","-No Segment9-"
"_SYS00000000325","---------(Indirect Expenses)","530038(Uber Expense)","530038","530038","-No Segment1-","-No Segment2-","-No Segment3-","-No Segment4-","-No Segment5-","-No Segment6-","-No Segment7-","-No Segment8-","-No Segment9-"
"_SYS00000000223","---------(Fix Deposit with HDFC)","170007(HDFC FD 50300243885980)","170007","170007","-No Segment1-","-No Segment2-","-No Segment3-","-No Segment4-","-No Segment5-","-No Segment6-","-No Segment7-","-No Segment8-","-No Segment9-"
"_SYS00000000278","---------(TDS Payable)","241001(TDS - Rent Nagpur Premises)","241001","241001","-No Segment1-","-No Segment2-","-No Segment3-","-No Segment4-","-No Segment5-","-No Segment6-","-No Segment7-","-No Segment8-","-No Segment9-"
"_SYS00000000058","---------(TDS Payable)","220010(TDS-Contractor)","220010","220010","-No Segment1-","-No Segment2-","-No Segment3-","-No Segment4-","-No Segment5-","-No Segment6-","-No Segment7-","-No Segment8-","-No Segment9-"
"_SYS00000000356","---------(Fix Deposit with HDFC)","170012(HDFC FD 50300394980592)","170012","170012","-No Segment1-","-No Segment2-","-No Segment3-","-No Segment4-","-No Segment5-","-No Segment6-","-No Segment7-","-No Segment8-","-No Segment9-"
"_SYS00000000217","---------(Fix Deposit with HDFC)","170001(HDFC FD 50300230253418)","170001","170001","-No Segment1-","-No Segment2-","-No Segment3-","-No Segment4-","-No Segment5-","-No Segment6-","-No Segment7-","-No Segment8-","-No Segment9-"
"_SYS00000000120","---------(Advance From Client)","210002(Advance From Clients)","210002","210002","-No Segment1-","-No Segment2-","-No Segment3-","-No Segment4-","-No Segment5-","-No Segment6-","-No Segment7-","-No Segment8-","-No Segment9-"
"514000","---------(Direct Expenses)","514000(Sub-Contract Charges)","-No FormatCode-","","","","","","","","","",""
"_SYS00000000148","---------(Services Sales- Domestic)","411005(Mobility Solution Implementation)","411005","411005","-No Segment1-","-No Segment2-","-No Segment3-","-No Segment4-","-No Segment5-","-No Segment6-","-No Segment7-","-No Segment8-","-No Segment9-"
"_SYS00000000295","---------(Advanced to  Vendor)","141001(Advanced to  Vendor)","141001","141001","-No Segment1-","-No Segment2-","-No Segment3-","-No Segment4-","-No Segment5-","-No Segment6-","-No Segment7-","-No Segment8-","-No Segment9-"
"_SYS00000000012","---------(Fixed Assets)","110011(Printer)","110011","110011","-No Segment1-","-No Segment2-","-No Segment3-","-No Segment4-","-No Segment5-","-No Segment6-","-No Segment7-","-No Segment8-","-No Segment9-"
"_SYS00000000218","---------(Fix Deposit with HDFC)","170002(HDFC FD 50300230253931)","170002","170002","-No Segment1-","-No Segment2-","-No Segment3-","-No Segment4-","-No Segment5-","-No Segment6-","-No Segment7-","-No Segment8-","-No Segment9-"
"_SYS00000000330","---------(Suspence Account)","331001(Suspense Account)","331001","331001","-No Segment1-","-No Segment2-","-No Segment3-","-No Segment4-","-No Segment5-","-No Segment6-","-No Segment7-","-No Segment8-","-No Segment9-"
"_SYS00000000216","---------(Indirect Expenses)","520027(Employee Advance Payment)","520027","520027","-No Segment1-","-No Segment2-","-No Segment3-","-No Segment4-","-No Segment5-","-No Segment6-","-No Segment7-","-No Segment8-","-No Segment9-"
"_SYS00000000049","---------(Duty & Taxes Payable)","220001(GST Paid)","220001","220001","-No Segment1-","-No Segment2-","-No Segment3-","-No Segment4-","-No Segment5-","-No Segment6-","-No Segment7-","-No Segment8-","-No Segment9-"
"520000","500000000000000(Expenditure)","520000(Indirect Expenses)","-No FormatCode-","","","","","","","","","",""
"_SYS00000000119","---------(Sundry Creditors)","240023(Sundry Creditors - Overseas Companies)","240023","240023","-No Segment1-","-No Segment2-","-No Segment3-","-No Segment4-","-No Segment5-","-No Segment6-","-No Segment7-","-No Segment8-","-No Segment9-"
"_SYS00000000365","---------(Provisions)","230008(Credit card Payment Payable)","230008","230008","-No Segment1-","-No Segment2-","-No Segment3-","-No Segment4-","-No Segment5-","-No Segment6-","-No Segment7-","-No Segment8-","-No Segment9-"
"412000","---------(Local Revenue)","412000(Hardware Solution)","-No FormatCode-","","","","","","","","","",""
"_SYS00000000098","---------(Staff Welfare Expenses)","520001(One Time Employee Bonus)","520001","520001","-No Segment1-","-No Segment2-","-No Segment3-","-No Segment4-","-No Segment5-","-No Segment6-","-No Segment7-","-No Segment8-","-No Segment9-"
"521000","---------(Indirect Expenses)","521000(Indirect Expenses)","-No FormatCode-","","","","","","","","","",""
"_SYS00000000255","---------(Sub-Contract Charges)","514001(Sub-Contract Charges)","514001","514001","-No Segment1-","-No Segment2-","-No Segment3-","-No Segment4-","-No Segment5-","-No Segment6-","-No Segment7-","-No Segment8-","-No Segment9-"
"_SYS00000000247","---------(Hardware Solution)","411013(Hardware)","411013","411013","-No Segment1-","-No Segment2-","-No Segment3-","-No Segment4-","-No Segment5-","-No Segment6-","-No Segment7-","-No Segment8-","-No Segment9-"
"_SYS00000000321","---------(Provisions)","230007(Audit Fees Payable)","230007","230007","-No Segment1-","-No Segment2-","-No Segment3-","-No Segment4-","-No Segment5-","-No Segment6-","-No Segment7-","-No Segment8-","-No Segment9-"
"_SYS00000000242","190000(Duty & Taxes Receivable)","190008(Input SGST : 0%)","190008","190008","-No Segment1-","-No Segment2-","-No Segment3-","-No Segment4-","-No Segment5-","-No Segment6-","-No Segment7-","-No Segment8-","-No Segment9-"
"_SYS00000000298","---------(Duty & Taxes Payable)","220022(Output CGST : 14%)","220022","220022","-No Segment1-","-No Segment2-","-No Segment3-","-No Segment4-","-No Segment5-","-No Segment6-","-No Segment7-","-No Segment8-","-No Segment9-"
"_SYS00000000306","---------(Duty & Taxes Payable)","220027(Output IGST : 5%)","220027","220027","-No Segment1-","-No Segment2-","-No Segment3-","-No Segment4-","-No Segment5-","-No Segment6-","-No Segment7-","-No Segment8-","-No Segment9-"
"_SYS00000000348","---------(Hardware Solution)","412001(Zebra Hardware)","412001","412001","-No Segment1-","-No Segment2-","-No Segment3-","-No Segment4-","-No Segment5-","-No Segment6-","-No Segment7-","-No Segment8-","-No Segment9-"
"_SYS00000000117","---------(Sundry Debtors)","140010(Sundry Debtors - Overseas Companies)","140010","140010","-No Segment1-","-No Segment2-","-No Segment3-","-No Segment4-","-No Segment5-","-No Segment6-","-No Segment7-","-No Segment8-","-No Segment9-"
"_SYS00000000232","190000(Duty & Taxes Receivable)","190006(Input IGST : 12%)","190006","190006","-No Segment1-","-No Segment2-","-No Segment3-","-No Segment4-","-No Segment5-","-No Segment6-","-No Segment7-","-No Segment8-","-No Segment9-"
"120000","---------(Current Assets)","120000(Sub Current Assets)","-No FormatCode-","","","","","","","","","",""
"_SYS00000000254","---------(Salary Time Slot)","513001(Salary Time Slot)","513001","513001","-No Segment1-","-No Segment2-","-No Segment3-","-No Segment4-","-No Segment5-","-No Segment6-","-No Segment7-","-No Segment8-","-No Segment9-"
"400001","400000000000000(Revenue)","400001(Overseas Revenue)","-No FormatCode-","","","","","","","","","",""
"_SYS00000000253","---------(Staff Welfare Expenses)","511002(Quarterly Bonus)","511002","511002","-No Segment1-","-No Segment2-","-No Segment3-","-No Segment4-","-No Segment5-","-No Segment6-","-No Segment7-","-No Segment8-","-No Segment9-"
"_SYS00000000246","---------(Sub Current Assets)","180008(Deposit)","180008","180008","-No Segment1-","-No Segment2-","-No Segment3-","-No Segment4-","-No Segment5-","-No Segment6-","-No Segment7-","-No Segment8-","-No Segment9-"
"_SYS00000000341","---------(Licenses Sales- Domestic)","410004(SAP ECC Licenses)","410004","410004","-No Segment1-","-No Segment2-","-No Segment3-","-No Segment4-","-No Segment5-","-No Segment6-","-No Segment7-","-No Segment8-","-No Segment9-"
"_SYS00000000013","---------(Fixed Assets)","110012(Water Purifier)","110012","110012","-No Segment1-","-No Segment2-","-No Segment3-","-No Segment4-","-No Segment5-","-No Segment6-","-No Segment7-","-No Segment8-","-No Segment9-"
"_SYS00000000309","190000(Duty & Taxes Receivable)","190015(Input IGST : 5%)","190015","190015","-No Segment1-","-No Segment2-","-No Segment3-","-No Segment4-","-No Segment5-","-No Segment6-","-No Segment7-","-No Segment8-","-No Segment9-"
"_SYS00000000287","---------(Sub Current Assets)","120009(Accured Interest on FDR)","120009","120009","-No Segment1-","-No Segment2-","-No Segment3-","-No Segment4-","-No Segment5-","-No Segment6-","-No Segment7-","-No Segment8-","-No Segment9-"
"_SYS00000000228","---------(Sub Current Assets)","120007(TDS(2013-14))","120007","120007","-No Segment1-","-No Segment2-","-No Segment3-","-No Segment4-","-No Segment5-","-No Segment6-","-No Segment7-","-No Segment8-","-No Segment9-"
"_SYS00000000346","---------(Staff Welfare Expenses)","511003(Yearly Award)","511003","511003","-No Segment1-","-No Segment2-","-No Segment3-","-No Segment4-","-No Segment5-","-No Segment6-","-No Segment7-","-No Segment8-","-No Segment9-"
"_SYS00000000317","---------(Timesheet Expenses)","515001(Timesheet Expenses)","515001","515001","-No Segment1-","-No Segment2-","-No Segment3-","-No Segment4-","-No Segment5-","-No Segment6-","-No Segment7-","-No Segment8-","-No Segment9-"
"_SYS00000000342","---------(Services Sales- Domestic)","411014(SAP ECC Implementation)","411014","411014","-No Segment1-","-No Segment2-","-No Segment3-","-No Segment4-","-No Segment5-","-No Segment6-","-No Segment7-","-No Segment8-","-No Segment9-"
"_SYS00000000111","---------(Staff Welfare Expenses)","520014(Project Allowance)","520014","520014","-No Segment1-","-No Segment2-","-No Segment3-","-No Segment4-","-No Segment5-","-No Segment6-","-No Segment7-","-No Segment8-","-No Segment9-"
"_SYS00000000297","---------(Sub Current Assets)","120010(TDS (FY 18-19))","120010","120010","-No Segment1-","-No Segment2-","-No Segment3-","-No Segment4-","-No Segment5-","-No Segment6-","-No Segment7-","-No Segment8-","-No Segment9-"
"_SYS00000000229","---------(Indirect Expenses)","520030(Owners Draw)","520030","520030","-No Segment1-","-No Segment2-","-No Segment3-","-No Segment4-","-No Segment5-","-No Segment6-","-No Segment7-","-No Segment8-","-No Segment9-"
"_SYS00000000136","---------(Indirect Expenses)","520021(Round Off)","520021","520021","-No Segment1-","-No Segment2-","-No Segment3-","-No Segment4-","-No Segment5-","-No Segment6-","-No Segment7-","-No Segment8-","-No Segment9-"
"_SYS00000000303","190000(Duty & Taxes Receivable)","190012(Input IGST : 28%)","190012","190012","-No Segment1-","-No Segment2-","-No Segment3-","-No Segment4-","-No Segment5-","-No Segment6-","-No Segment7-","-No Segment8-","-No Segment9-"
"_SYS00000000016","---------(Sub Current Assets)","120002(Preliminary Expenses Not Written Off)","120002","120002","-No Segment1-","-No Segment2-","-No Segment3-","-No Segment4-","-No Segment5-","-No Segment6-","-No Segment7-","-No Segment8-","-No Segment9-"
"_SYS00000000052","---------(Duty & Taxes Payable)","220004(Output  IGST : 0%)","220004","220004","-No Segment1-","-No Segment2-","-No Segment3-","-No Segment4-","-No Segment5-","-No Segment6-","-No Segment7-","-No Segment8-","-No Segment9-"
"_SYS00000000018","---------(Sub Current Assets)","120004(TDS of Previous Years)","120004","120004","-No Segment1-","-No Segment2-","-No Segment3-","-No Segment4-","-No Segment5-","-No Segment6-","-No Segment7-","-No Segment8-","-No Segment9-"
"531000","500000000000000(Expenditure)","531000(Purchase Expenses)","-No FormatCode-","","","","","","","","","",""
"530000","---------(Purchase Expenses)","530000(Purchase Expenses)","-No FormatCode-","","","","","","","","","",""
"_SYS00000000152","---------(Services Sales- Domestic)","411009(Cloud Implementation)","411009","411009","-No Segment1-","-No Segment2-","-No Segment3-","-No Segment4-","-No Segment5-","-No Segment6-","-No Segment7-","-No Segment8-","-No Segment9-"
"_SYS00000000344","---------(Services Sales- Domestic)","411016(Crave Application Support Services)","411016","411016","-No Segment1-","-No Segment2-","-No Segment3-","-No Segment4-","-No Segment5-","-No Segment6-","-No Segment7-","-No Segment8-","-No Segment9-"
"_SYS00000000019","---------(Sub Current Assets)","120005(VAT DEPOSIT)","120005","120005","-No Segment1-","-No Segment2-","-No Segment3-","-No Segment4-","-No Segment5-","-No Segment6-","-No Segment7-","-No Segment8-","-No Segment9-"
"_SYS00000000361","---------(Fix Deposit with HDFC)","170014(HDFC FD 50300435733927)","170014","170014","-No Segment1-","-No Segment2-","-No Segment3-","-No Segment4-","-No Segment5-","-No Segment6-","-No Segment7-","-No Segment8-","-No Segment9-"
"251000","200000000000000(Liability)","251000(Opening Balances)","-No FormatCode-","","","","","","","","","",""
"_SYS00000000320","---------(Provisions)","230006(Service Tax Payable)","230006","230006","-No Segment1-","-No Segment2-","-No Segment3-","-No Segment4-","-No Segment5-","-No Segment6-","-No Segment7-","-No Segment8-","-No Segment9-"
"_SYS00000000133","190000(Duty & Taxes Receivable)","190003(Input IGST : 18%)","190003","190003","-No Segment1-","-No Segment2-","-No Segment3-","-No Segment4-","-No Segment5-","-No Segment6-","-No Segment7-","-No Segment8-","-No Segment9-"
"_SYS00000000041","---------(Share Capital)","310002(Share Capital)","310002","310002","-No Segment1-","-No Segment2-","-No Segment3-","-No Segment4-","-No Segment5-","-No Segment6-","-No Segment7-","-No Segment8-","-No Segment9-"
"401001","---------(Overseas Revenue)","401001(Overseas Revenue)","-No FormatCode-","","","","","","","","","",""
"_SYS00000000165","---------(Purchase Expenses)","530001(SAP B1 Licenses Expenses)","530001","530001","-No Segment1-","-No Segment2-","-No Segment3-","-No Segment4-","-No Segment5-","-No Segment6-","-No Segment7-","-No Segment8-","-No Segment9-"
"_SYS00000000161","---------(Indirect Expenses)","520024(Audit Fees)","520024","520024","-No Segment1-","-No Segment2-","-No Segment3-","-No Segment4-","-No Segment5-","-No Segment6-","-No Segment7-","-No Segment8-","-No Segment9-"
"_SYS00000000257","---------(Indirect Expenses)","521001(Interest on Delay Payment of TDS)","521001","521001","-No Segment1-","-No Segment2-","-No Segment3-","-No Segment4-","-No Segment5-","-No Segment6-","-No Segment7-","-No Segment8-","-No Segment9-"
"_SYS00000000266","---------(Overseas Revenue)","400101(Overseas Revenue)","400101","400101","-No Segment1-","-No Segment2-","-No Segment3-","-No Segment4-","-No Segment5-","-No Segment6-","-No Segment7-","-No Segment8-","-No Segment9-"
"_SYS00000000327","---------(Overseas Revenue)","400402(Overseas consulting Services)","400402","400402","-No Segment1-","-No Segment2-","-No Segment3-","-No Segment4-","-No Segment5-","-No Segment6-","-No Segment7-","-No Segment8-","-No Segment9-"
"_SYS00000000236","---------(Services Sales- Domestic)","411011(Advisory Services)","411011","411011","-No Segment1-","-No Segment2-","-No Segment3-","-No Segment4-","-No Segment5-","-No Segment6-","-No Segment7-","-No Segment8-","-No Segment9-"
"250000","---------(Opening Balances)","250000(Opening Balances)","-No FormatCode-","-No Segment0-","-No Segment1-","-No Segment2-","-No Segment3-","-No Segment4-","-No Segment5-","-No Segment6-","-No Segment7-","-No Segment8-","-No Segment9-"
"_SYS00000000343","---------(Services Sales- Domestic)","411015(SAP ECC  AMC (Licenses))","411015","411015","-No Segment1-","-No Segment2-","-No Segment3-","-No Segment4-","-No Segment5-","-No Segment6-","-No Segment7-","-No Segment8-","-No Segment9-"
"421000","400000000000000(Revenue)","421000(Indirect Incomes)","-No FormatCode-","","","","","","","","","",""
"_SYS00000000240","---------(Indirect Expenses)","520033(Designing Expenses)","520033","520033","-No Segment1-","-No Segment2-","-No Segment3-","-No Segment4-","-No Segment5-","-No Segment6-","-No Segment7-","-No Segment8-","-No Segment9-"
"_SYS00000000139","250000(Opening Balances)","250001(OB:Sundray Creditor-Vendor)","250001","250001","-No Segment1-","-No Segment2-","-No Segment3-","-No Segment4-","-No Segment5-","-No Segment6-","-No Segment7-","-No Segment8-","-No Segment9-"
"420000","---------(Indirect Incomes)","420000(Indirect Incomes)","-No FormatCode-","","","","","","","","","",""
"_SYS00000000092","---------(Indirect Incomes)","420001(Interest  : FDR)","420001","420001","-No Segment1-","-No Segment2-","-No Segment3-","-No Segment4-","-No Segment5-","-No Segment6-","-No Segment7-","-No Segment8-","-No Segment9-"
"_SYS00000000093","---------(Indirect Incomes)","420002(Rent Office Premises)","420002","420002","-No Segment1-","-No Segment2-","-No Segment3-","-No Segment4-","-No Segment5-","-No Segment6-","-No Segment7-","-No Segment8-","-No Segment9-"
"_SYS00000000258","---------(Indirect Expenses)","521002(Legal Expenses)","521002","521002","-No Segment1-","-No Segment2-","-No Segment3-","-No Segment4-","-No Segment5-","-No Segment6-","-No Segment7-","-No Segment8-","-No Segment9-"
"_SYS00000000121","---------(Indirect Incomes)","420003(Foreign Exchange Gain)","420003","420003","-No Segment1-","-No Segment2-","-No Segment3-","-No Segment4-","-No Segment5-","-No Segment6-","-No Segment7-","-No Segment8-","-No Segment9-"
"_SYS00000000373","---------(Provisions)","230010(Gratuity)","230010","230010","-No Segment1-","-No Segment2-","-No Segment3-","-No Segment4-","-No Segment5-","-No Segment6-","-No Segment7-","-No Segment8-","-No Segment9-"
"190000","---------(Current Assets)","190000(Duty & Taxes Receivable)","-No FormatCode-","-No Segment0-","-No Segment1-","-No Segment2-","-No Segment3-","-No Segment4-","-No Segment5-","-No Segment6-","-No Segment7-","-No Segment8-","-No Segment9-"
"_SYS00000000239","---------(Indirect Expenses)","520032(Advertisement Expenses)","520032","520032","-No Segment1-","-No Segment2-","-No Segment3-","-No Segment4-","-No Segment5-","-No Segment6-","-No Segment7-","-No Segment8-","-No Segment9-"
"_SYS00000000230","190000(Duty & Taxes Receivable)","190004(Input CGST : 6%)","190004","190004","-No Segment1-","-No Segment2-","-No Segment3-","-No Segment4-","-No Segment5-","-No Segment6-","-No Segment7-","-No Segment8-","-No Segment9-"
"_SYS00000000351","---------(Hardware Solution)","532100(Zebra Hardware)","532100","532100","-No Segment1-","-No Segment2-","-No Segment3-","-No Segment4-","-No Segment5-","-No Segment6-","-No Segment7-","-No Segment8-","-No Segment9-"
"_SYS00000000124","---------(Indirect Incomes)","420004(Discount Received)","420004","420004","-No Segment1-","-No Segment2-","-No Segment3-","-No Segment4-","-No Segment5-","-No Segment6-","-No Segment7-","-No Segment8-","-No Segment9-"
"541000","500000000000000(Expenditure)","541000(Depreciation and Amortization Expense)","-No FormatCode-","","","","","","","","","",""
"540000","---------(Depreciation and Amortization Expense)","540000(Depreciation and Amortization Expense)","-No FormatCode-","","","","","","","","","",""
"_SYS00000000354","---------(Fix Deposit with HDFC)","170010(HDFC FD 50300381289563)","170010","170010","-No Segment1-","-No Segment2-","-No Segment3-","-No Segment4-","-No Segment5-","-No Segment6-","-No Segment7-","-No Segment8-","-No Segment9-"
"_SYS00000000140","250000(Opening Balances)","250002(OB:Sundray Debitors-Customer)","250002","250002","-No Segment1-","-No Segment2-","-No Segment3-","-No Segment4-","-No Segment5-","-No Segment6-","-No Segment7-","-No Segment8-","-No Segment9-"
"_SYS00000000141","250000(Opening Balances)","250003(OB:G/L Account)","250003","250003","-No Segment1-","-No Segment2-","-No Segment3-","-No Segment4-","-No Segment5-","-No Segment6-","-No Segment7-","-No Segment8-","-No Segment9-"
"_SYS00000000123","---------(Indirect Expenses)","520018(Cash Discount)","520018","520018","-No Segment1-","-No Segment2-","-No Segment3-","-No Segment4-","-No Segment5-","-No Segment6-","-No Segment7-","-No Segment8-","-No Segment9-"
"_SYS00000000231","190000(Duty & Taxes Receivable)","190005(Input SGST : 6%)","190005","190005","-No Segment1-","-No Segment2-","-No Segment3-","-No Segment4-","-No Segment5-","-No Segment6-","-No Segment7-","-No Segment8-","-No Segment9-"
"_SYS00000000334","---------(Indirect Expenses)","520043(Advances/Credited in CC)","520043","520043","-No Segment1-","-No Segment2-","-No Segment3-","-No Segment4-","-No Segment5-","-No Segment6-","-No Segment7-","-No Segment8-","-No Segment9-"
"_SYS00000000199","---------(Depreciation and Amortization Expense)","540002(Supp. Cap. Clearing)","540002","540002","-No Segment1-","-No Segment2-","-No Segment3-","-No Segment4-","-No Segment5-","-No Segment6-","-No Segment7-","-No Segment8-","-No Segment9-"
"_SYS00000000200","---------(Depreciation and Amortization Expense)","540003(Unplanned Depreciation)","540003","540003","-No Segment1-","-No Segment2-","-No Segment3-","-No Segment4-","-No Segment5-","-No Segment6-","-No Segment7-","-No Segment8-","-No Segment9-"
"_SYS00000000142","250000(Opening Balances)","250004(OB:Inventory)","250004","250004","-No Segment1-","-No Segment2-","-No Segment3-","-No Segment4-","-No Segment5-","-No Segment6-","-No Segment7-","-No Segment8-","-No Segment9-"
"_SYS00000000053","---------(Duty & Taxes Payable)","220005(Output CGST : 9%)","220005","220005","-No Segment1-","-No Segment2-","-No Segment3-","-No Segment4-","-No Segment5-","-No Segment6-","-No Segment7-","-No Segment8-","-No Segment9-"
"_SYS00000000259","---------(Indirect Expenses)","521003(Professional Charges)","521003","521003","-No Segment1-","-No Segment2-","-No Segment3-","-No Segment4-","-No Segment5-","-No Segment6-","-No Segment7-","-No Segment8-","-No Segment9-"
"_SYS00000000338","---------(Indirect Expenses)","520044(Preliminary Expenses  Written Off)","520044","520044","-No Segment1-","-No Segment2-","-No Segment3-","-No Segment4-","-No Segment5-","-No Segment6-","-No Segment7-","-No Segment8-","-No Segment9-"
"_SYS00000000096","---------(Sub Current Assets)","120008(TDS Current Year F.Y. 2017-18)","120008","120008","-No Segment1-","-No Segment2-","-No Segment3-","-No Segment4-","-No Segment5-","-No Segment6-","-No Segment7-","-No Segment8-","-No Segment9-"
"_SYS00000000201","---------(Depreciation and Amortization Expense)","540004(Special Depreciation)","540004","540004","-No Segment1-","-No Segment2-","-No Segment3-","-No Segment4-","-No Segment5-","-No Segment6-","-No Segment7-","-No Segment8-","-No Segment9-"
"_SYS00000000055","---------(Duty & Taxes Payable)","220007(Output SGST : 9%)","220007","220007","-No Segment1-","-No Segment2-","-No Segment3-","-No Segment4-","-No Segment5-","-No Segment6-","-No Segment7-","-No Segment8-","-No Segment9-"
"431000","400000000000000(Revenue)","431000(Fixed Asset Revenue)","-No FormatCode-","","","","","","","","","",""
"430000","---------(Fixed Asset Revenue)","430000(Fixed Asset Revenue)","-No FormatCode-","","","","","","","","","",""
"_SYS00000000262","---------(Indirect Expenses)","521006(Sales Promotion)","521006","521006","-No Segment1-","-No Segment2-","-No Segment3-","-No Segment4-","-No Segment5-","-No Segment6-","-No Segment7-","-No Segment8-","-No Segment9-"
"_SYS00000000307","190000(Duty & Taxes Receivable)","190013(Input CGST 2.50%)","190013","190013","-No Segment1-","-No Segment2-","-No Segment3-","-No Segment4-","-No Segment5-","-No Segment6-","-No Segment7-","-No Segment8-","-No Segment9-"
"_SYS00000000260","---------(Indirect Expenses)","521004(Rent nagpur Premises)","521004","521004","-No Segment1-","-No Segment2-","-No Segment3-","-No Segment4-","-No Segment5-","-No Segment6-","-No Segment7-","-No Segment8-","-No Segment9-"
"_SYS00000000202","---------(Depreciation and Amortization Expense)","540005(Retirement with Expense)","540005","540005","-No Segment1-","-No Segment2-","-No Segment3-","-No Segment4-","-No Segment5-","-No Segment6-","-No Segment7-","-No Segment8-","-No Segment9-"
"_SYS00000000203","---------(Depreciation and Amortization Expense)","540006(Sales with Expense)","540006","540006","-No Segment1-","-No Segment2-","-No Segment3-","-No Segment4-","-No Segment5-","-No Segment6-","-No Segment7-","-No Segment8-","-No Segment9-"
"_SYS00000000204","---------(Depreciation and Amortization Expense)","540007(FA Retirement Expense)","540007","540007","-No Segment1-","-No Segment2-","-No Segment3-","-No Segment4-","-No Segment5-","-No Segment6-","-No Segment7-","-No Segment8-","-No Segment9-"
"_SYS00000000137","---------(Duty & Taxes Payable)","220013(TDS Interest Acct)","220013","220013","-No Segment1-","-No Segment2-","-No Segment3-","-No Segment4-","-No Segment5-","-No Segment6-","-No Segment7-","-No Segment8-","-No Segment9-"
"532000","---------(Purchase Expenses)","532000(Hardware Solution)","-No FormatCode-","","","","","","","","","",""
"_SYS00000000125","---------(Indirect Expenses)","520019(Miscellaneous Expenses)","520019","520019","-No Segment1-","-No Segment2-","-No Segment3-","-No Segment4-","-No Segment5-","-No Segment6-","-No Segment7-","-No Segment8-","-No Segment9-"
"_SYS00000000033","---------(Bank Accounts)","160001(HDFC Bank-01028630000016)","160001","160001","-No Segment1-","-No Segment2-","-No Segment3-","-No Segment4-","-No Segment5-","-No Segment6-","-No Segment7-","-No Segment8-","-No Segment9-"
"_SYS00000000131","190000(Duty & Taxes Receivable)","190001(Input CGST : 9%)","190001","190001","-No Segment1-","-No Segment2-","-No Segment3-","-No Segment4-","-No Segment5-","-No Segment6-","-No Segment7-","-No Segment8-","-No Segment9-"
"_SYS00000000319","---------(Indirect Expenses)","520038(HDFC ERGO Medical Insurance)","520038","520038","-No Segment1-","-No Segment2-","-No Segment3-","-No Segment4-","-No Segment5-","-No Segment6-","-No Segment7-","-No Segment8-","-No Segment9-"
"_SYS00000000132","190000(Duty & Taxes Receivable)","190002(Input SGST : 9%)","190002","190002","-No Segment1-","-No Segment2-","-No Segment3-","-No Segment4-","-No Segment5-","-No Segment6-","-No Segment7-","-No Segment8-","-No Segment9-"
"_SYS00000000104","---------(Indirect Expenses)","520007(Electricity Expenses)","520007","520007","-No Segment1-","-No Segment2-","-No Segment3-","-No Segment4-","-No Segment5-","-No Segment6-","-No Segment7-","-No Segment8-","-No Segment9-"
"_SYS00000000245","---------(Purchase Expenses)","530002(SAP B1 AMC Expenses)","530002","530002","-No Segment1-","-No Segment2-","-No Segment3-","-No Segment4-","-No Segment5-","-No Segment6-","-No Segment7-","-No Segment8-","-No Segment9-"
"_SYS00000000329","---------(Indirect Expenses)","530040(Rent on Furniture)","530040","530040","-No Segment1-","-No Segment2-","-No Segment3-","-No Segment4-","-No Segment5-","-No Segment6-","-No Segment7-","-No Segment8-","-No Segment9-"
"_SYS00000000005","---------(Fixed Assets)","110004(Cooling Systems)","110004","110004","-No Segment1-","-No Segment2-","-No Segment3-","-No Segment4-","-No Segment5-","-No Segment6-","-No Segment7-","-No Segment8-","-No Segment9-"
"_SYS00000000308","190000(Duty & Taxes Receivable)","190014(Input SGST : 2.50%)","190014","190014","-No Segment1-","-No Segment2-","-No Segment3-","-No Segment4-","-No Segment5-","-No Segment6-","-No Segment7-","-No Segment8-","-No Segment9-"
"_SYS00000000332","---------(Indirect Expenses)","520041(Interest payment  on delay PF)","520041","520041","-No Segment1-","-No Segment2-","-No Segment3-","-No Segment4-","-No Segment5-","-No Segment6-","-No Segment7-","-No Segment8-","-No Segment9-"
"200000","---------(Current Assets)","200000(Checks)","-No FormatCode-","-No Segment0-","-No Segment1-","-No Segment2-","-No Segment3-","-No Segment4-","-No Segment5-","-No Segment6-","-No Segment7-","-No Segment8-","-No Segment9-"
"_SYS00000000118","---------(Sundry Creditors)","240022(Sundry Creditors - Domestic Companies)","240022","240022","-No Segment1-","-No Segment2-","-No Segment3-","-No Segment4-","-No Segment5-","-No Segment6-","-No Segment7-","-No Segment8-","-No Segment9-"
"_SYS00000000168","200000(Checks)","200001(Check Received)","200001","200001","-No Segment1-","-No Segment2-","-No Segment3-","-No Segment4-","-No Segment5-","-No Segment6-","-No Segment7-","-No Segment8-","-No Segment9-"
"_SYS00000000171","---------(Duty & Taxes Payable)","220014(GST Interest Account)","220014","220014","-No Segment1-","-No Segment2-","-No Segment3-","-No Segment4-","-No Segment5-","-No Segment6-","-No Segment7-","-No Segment8-","-No Segment9-"
"_SYS00000000172","---------(Duty & Taxes Payable)","220015(TDS Other Charges Acct)","220015","220015","-No Segment1-","-No Segment2-","-No Segment3-","-No Segment4-","-No Segment5-","-No Segment6-","-No Segment7-","-No Segment8-","-No Segment9-"
"_SYS00000000173","---------(Duty & Taxes Payable)","220016(GST Other Charges Account)","220016","220016","-No Segment1-","-No Segment2-","-No Segment3-","-No Segment4-","-No Segment5-","-No Segment6-","-No Segment7-","-No Segment8-","-No Segment9-"
"_SYS00000000367","---------(Indirect Expenses)","520051(Donation)","520051","520051","-No Segment1-","-No Segment2-","-No Segment3-","-No Segment4-","-No Segment5-","-No Segment6-","-No Segment7-","-No Segment8-","-No Segment9-"
"_SYS00000000135","---------(Deposits (Asset))","180004(AP Downpayment Clearing)","180004","180004","-No Segment1-","-No Segment2-","-No Segment3-","-No Segment4-","-No Segment5-","-No Segment6-","-No Segment7-","-No Segment8-","-No Segment9-"
"_SYS00000000194","---------(Fixed Asset Revenue)","430001(Revenue from Asset Sales)","430001","430001","-No Segment1-","-No Segment2-","-No Segment3-","-No Segment4-","-No Segment5-","-No Segment6-","-No Segment7-","-No Segment8-","-No Segment9-"
"_SYS00000000174","---------(Duty & Taxes Payable)","220017(TDS Fee Acc)","220017","220017","-No Segment1-","-No Segment2-","-No Segment3-","-No Segment4-","-No Segment5-","-No Segment6-","-No Segment7-","-No Segment8-","-No Segment9-"
"_SYS00000000175","---------(Duty & Taxes Payable)","220018(GST Fee Acc)","220018","220018","-No Segment1-","-No Segment2-","-No Segment3-","-No Segment4-","-No Segment5-","-No Segment6-","-No Segment7-","-No Segment8-","-No Segment9-"
"_SYS00000000331","---------(Duty & Taxes Payable)","220030(GST Received)","220030","220030","-No Segment1-","-No Segment2-","-No Segment3-","-No Segment4-","-No Segment5-","-No Segment6-","-No Segment7-","-No Segment8-","-No Segment9-"
"_SYS00000000368","---------(Other Current Liabilities)","210005(Excess Share application money)","210005","210005","-No Segment1-","-No Segment2-","-No Segment3-","-No Segment4-","-No Segment5-","-No Segment6-","-No Segment7-","-No Segment8-","-No Segment9-"
"_SYS00000000359","---------(Indirect Expenses)","520048(Deferred Tax Expense)","520048","520048","-No Segment1-","-No Segment2-","-No Segment3-","-No Segment4-","-No Segment5-","-No Segment6-","-No Segment7-","-No Segment8-","-No Segment9-"
"_SYS00000000103","---------(Staff Welfare Expenses)","520006(Diwali Bonus)","520006","520006","-No Segment1-","-No Segment2-","-No Segment3-","-No Segment4-","-No Segment5-","-No Segment6-","-No Segment7-","-No Segment8-","-No Segment9-"
"_SYS00000000166","---------(Deposits (Asset))","180005(Down Payment Tax Offset Acct)","180005","180005","-No Segment1-","-No Segment2-","-No Segment3-","-No Segment4-","-No Segment5-","-No Segment6-","-No Segment7-","-No Segment8-","-No Segment9-"
"_SYS00000000169","---------(Deposits (Asset))","180006(Down Payment Interim Account:Sales)","180006","180006","-No Segment1-","-No Segment2-","-No Segment3-","-No Segment4-","-No Segment5-","-No Segment6-","-No Segment7-","-No Segment8-","-No Segment9-"
"_SYS00000000170","---------(Deposits (Asset))","180007(Down Payment Tax Offset Acct)","180007","180007","-No Segment1-","-No Segment2-","-No Segment3-","-No Segment4-","-No Segment5-","-No Segment6-","-No Segment7-","-No Segment8-","-No Segment9-"
"_SYS00000000366","---------(Indirect Expenses)","520050(GST Expense)","520050","520050","-No Segment1-","-No Segment2-","-No Segment3-","-No Segment4-","-No Segment5-","-No Segment6-","-No Segment7-","-No Segment8-","-No Segment9-"
"_SYS00000000089","---------(Licenses Sales- Domestic)","410001(Mobility Solutions Licenses)","410001","410001","-No Segment1-","-No Segment2-","-No Segment3-","-No Segment4-","-No Segment5-","-No Segment6-","-No Segment7-","-No Segment8-","-No Segment9-"
"_SYS00000000036","---------(Deposits (Asset))","180001(Credit Card Deposit Fee)","180001","180001","-No Segment1-","-No Segment2-","-No Segment3-","-No Segment4-","-No Segment5-","-No Segment6-","-No Segment7-","-No Segment8-","-No Segment9-"
"_SYS00000000363","---------(Share Capital)","310004(Excess Share application money)","310004","310004","-No Segment1-","-No Segment2-","-No Segment3-","-No Segment4-","-No Segment5-","-No Segment6-","-No Segment7-","-No Segment8-","-No Segment9-"
"_SYS00000000296","---------(Hardware Solution)","530003(Hardware  Expenses)","530003","530003","-No Segment1-","-No Segment2-","-No Segment3-","-No Segment4-","-No Segment5-","-No Segment6-","-No Segment7-","-No Segment8-","-No Segment9-"
"_SYS00000000205","---------(Depreciation and Amortization Expense)","540008(Depreciation - Car)","540008","540008","-No Segment1-","-No Segment2-","-No Segment3-","-No Segment4-","-No Segment5-","-No Segment6-","-No Segment7-","-No Segment8-","-No Segment9-"
"_SYS00000000206","---------(Depreciation and Amortization Expense)","540009(Depreciation - Computer & Equipments)","540009","540009","-No Segment1-","-No Segment2-","-No Segment3-","-No Segment4-","-No Segment5-","-No Segment6-","-No Segment7-","-No Segment8-","-No Segment9-"
"_SYS00000000207","---------(Depreciation and Amortization Expense)","540010(Depreciation - Cooling Systems)","540010","540010","-No Segment1-","-No Segment2-","-No Segment3-","-No Segment4-","-No Segment5-","-No Segment6-","-No Segment7-","-No Segment8-","-No Segment9-"
"_SYS00000000127","---------(Indirect Expenses)","520020(Purchase Credit Account)","520020","520020","-No Segment1-","-No Segment2-","-No Segment3-","-No Segment4-","-No Segment5-","-No Segment6-","-No Segment7-","-No Segment8-","-No Segment9-"
"_SYS00000000159","---------(Indirect Expenses)","520022(Foreign Exchange Loss)","520022","520022","-No Segment1-","-No Segment2-","-No Segment3-","-No Segment4-","-No Segment5-","-No Segment6-","-No Segment7-","-No Segment8-","-No Segment9-"
"_SYS00000000160","---------(Indirect Expenses)","520023(Cash Discount Clearing)","520023","520023","-No Segment1-","-No Segment2-","-No Segment3-","-No Segment4-","-No Segment5-","-No Segment6-","-No Segment7-","-No Segment8-","-No Segment9-"
"_SYS00000000162","---------(Indirect Expenses)","520025(Discount in Sales)","520025","520025","-No Segment1-","-No Segment2-","-No Segment3-","-No Segment4-","-No Segment5-","-No Segment6-","-No Segment7-","-No Segment8-","-No Segment9-"
"_SYS00000000163","---------(Indirect Expenses)","520026(Down Payment Interim Account)","520026","520026","-No Segment1-","-No Segment2-","-No Segment3-","-No Segment4-","-No Segment5-","-No Segment6-","-No Segment7-","-No Segment8-","-No Segment9-"
"_SYS00000000208","---------(Depreciation and Amortization Expense)","540011(Depreciation - Electrical Equipments)","540011","540011","-No Segment1-","-No Segment2-","-No Segment3-","-No Segment4-","-No Segment5-","-No Segment6-","-No Segment7-","-No Segment8-","-No Segment9-"
"_SYS00000000102","---------(Indirect Expenses)","520005(Consultancy Charges)","520005","520005","-No Segment1-","-No Segment2-","-No Segment3-","-No Segment4-","-No Segment5-","-No Segment6-","-No Segment7-","-No Segment8-","-No Segment9-"
"_SYS00000000364","---------(Loans & Advances (Asset))","130001(Staff advance for Site)","130001","130001","-No Segment1-","-No Segment2-","-No Segment3-","-No Segment4-","-No Segment5-","-No Segment6-","-No Segment7-","-No Segment8-","-No Segment9-"
"_SYS00000000358","---------(Indirect Expenses)","520047(Advance Salary to Sanjay Kurundkar)","520047","520047","-No Segment1-","-No Segment2-","-No Segment3-","-No Segment4-","-No Segment5-","-No Segment6-","-No Segment7-","-No Segment8-","-No Segment9-"
"_SYS00000000209","---------(Depreciation and Amortization Expense)","540012(Depreciation - Fan)","540012","540012","-No Segment1-","-No Segment2-","-No Segment3-","-No Segment4-","-No Segment5-","-No Segment6-","-No Segment7-","-No Segment8-","-No Segment9-"
"_SYS00000000210","---------(Depreciation and Amortization Expense)","540013(Depreciation - Furniture & Fixture)","540013","540013","-No Segment1-","-No Segment2-","-No Segment3-","-No Segment4-","-No Segment5-","-No Segment6-","-No Segment7-","-No Segment8-","-No Segment9-"
"_SYS00000000113","---------(Indirect Expenses)","520016(Telephone  Expenses)","520016","520016","-No Segment1-","-No Segment2-","-No Segment3-","-No Segment4-","-No Segment5-","-No Segment6-","-No Segment7-","-No Segment8-","-No Segment9-"
"_SYS00000000105","---------(Staff Welfare Expenses)","520008(Employer's Contribution to PF)","520008","520008","-No Segment1-","-No Segment2-","-No Segment3-","-No Segment4-","-No Segment5-","-No Segment6-","-No Segment7-","-No Segment8-","-No Segment9-"
"_SYS00000000107","---------(Staff Welfare Expenses)","520010(Employee Group Insurance)","520010","520010","-No Segment1-","-No Segment2-","-No Segment3-","-No Segment4-","-No Segment5-","-No Segment6-","-No Segment7-","-No Segment8-","-No Segment9-"
"_SYS00000000211","---------(Depreciation and Amortization Expense)","540014(Depreciation - Inverter)","540014","540014","-No Segment1-","-No Segment2-","-No Segment3-","-No Segment4-","-No Segment5-","-No Segment6-","-No Segment7-","-No Segment8-","-No Segment9-"
"_SYS00000000212","---------(Depreciation and Amortization Expense)","540015(Depreciation - Modems)","540015","540015","-No Segment1-","-No Segment2-","-No Segment3-","-No Segment4-","-No Segment5-","-No Segment6-","-No Segment7-","-No Segment8-","-No Segment9-"
"_SYS00000000153","---------(Services Sales- Domestic)","411010(Consulting Services)","411010","411010","-No Segment1-","-No Segment2-","-No Segment3-","-No Segment4-","-No Segment5-","-No Segment6-","-No Segment7-","-No Segment8-","-No Segment9-"
"_SYS00000000017","---------(Sub Current Assets)","120003(TDS (F.Y 2016-17))","120003","120003","-No Segment1-","-No Segment2-","-No Segment3-","-No Segment4-","-No Segment5-","-No Segment6-","-No Segment7-","-No Segment8-","-No Segment9-"
"_SYS00000000301","190000(Duty & Taxes Receivable)","190010(Input CGST : 14%)","190010","190010","-No Segment1-","-No Segment2-","-No Segment3-","-No Segment4-","-No Segment5-","-No Segment6-","-No Segment7-","-No Segment8-","-No Segment9-"
"_SYS00000000213","---------(Depreciation and Amortization Expense)","540017(Depreciation - Printer)","540017","540017","-No Segment1-","-No Segment2-","-No Segment3-","-No Segment4-","-No Segment5-","-No Segment6-","-No Segment7-","-No Segment8-","-No Segment9-"
"_SYS00000000214","---------(Depreciation and Amortization Expense)","540018(Depreciation - Water Purifier)","540018","540018","-No Segment1-","-No Segment2-","-No Segment3-","-No Segment4-","-No Segment5-","-No Segment6-","-No Segment7-","-No Segment8-","-No Segment9-"
"_SYS00000000145","---------(Licenses Sales- Domestic)","411002(SAP B1 Licenses)","411002","411002","-No Segment1-","-No Segment2-","-No Segment3-","-No Segment4-","-No Segment5-","-No Segment6-","-No Segment7-","-No Segment8-","-No Segment9-"
"_SYS00000000302","190000(Duty & Taxes Receivable)","190011(Input SGST : 14%)","190011","190011","-No Segment1-","-No Segment2-","-No Segment3-","-No Segment4-","-No Segment5-","-No Segment6-","-No Segment7-","-No Segment8-","-No Segment9-"
"_SYS00000000215","---------(Depreciation and Amortization Expense)","540016(Depreciation - Modular)","540016","540016","-No Segment1-","-No Segment2-","-No Segment3-","-No Segment4-","-No Segment5-","-No Segment6-","-No Segment7-","-No Segment8-","-No Segment9-"
"_SYS00000000198","---------(Depreciation and Amortization Expense)","540001(Depreciation - Air conditionor)","540001","540001","-No Segment1-","-No Segment2-","-No Segment3-","-No Segment4-","-No Segment5-","-No Segment6-","-No Segment7-","-No Segment8-","-No Segment9-"
"_SYS00000000311","---------(Indirect Expenses)","520036(Staff wellfare)","520036","520036","-No Segment1-","-No Segment2-","-No Segment3-","-No Segment4-","-No Segment5-","-No Segment6-","-No Segment7-","-No Segment8-","-No Segment9-"
"_SYS00000000134","190000(Duty & Taxes Receivable)","190000(GST Input Interim Account)","190000","190000","-No Segment1-","-No Segment2-","-No Segment3-","-No Segment4-","-No Segment5-","-No Segment6-","-No Segment7-","-No Segment8-","-No Segment9-"
"_SYS00000000195","---------(Fixed Asset Revenue)","430002(Leave with Revenue)","430002","430002","-No Segment1-","-No Segment2-","-No Segment3-","-No Segment4-","-No Segment5-","-No Segment6-","-No Segment7-","-No Segment8-","-No Segment9-"
"_SYS00000000345","---------(Indirect Expenses)","520046(Employee Expense Advance)","520046","520046","-No Segment1-","-No Segment2-","-No Segment3-","-No Segment4-","-No Segment5-","-No Segment6-","-No Segment7-","-No Segment8-","-No Segment9-"
"_SYS00000000108","---------(Indirect Expenses)","520028(Credit Card Expenses)","520028","520028","-No Segment1-","-No Segment2-","-No Segment3-","-No Segment4-","-No Segment5-","-No Segment6-","-No Segment7-","-No Segment8-","-No Segment9-"
"_SYS00000000116","---------(Sundry Debtors)","140009(Sundry Debtors - Domestic Companies)","140009","140009","-No Segment1-","-No Segment2-","-No Segment3-","-No Segment4-","-No Segment5-","-No Segment6-","-No Segment7-","-No Segment8-","-No Segment9-"
"_SYS00000000196","---------(Fixed Asset Revenue)","430003(FA Retirement Revenue)","430003","430003","-No Segment1-","-No Segment2-","-No Segment3-","-No Segment4-","-No Segment5-","-No Segment6-","-No Segment7-","-No Segment8-","-No Segment9-"
"_SYS00000000154","---------(Profit & Loss)","340001(Period End Closing)","340001","340001","-No Segment1-","-No Segment2-","-No Segment3-","-No Segment4-","-No Segment5-","-No Segment6-","-No Segment7-","-No Segment8-","-No Segment9-"
"_SYS00000000360","---------(Fix Deposit with HDFC)","170013(HDFC FD 50300420102050)","170013","170013","-No Segment1-","-No Segment2-","-No Segment3-","-No Segment4-","-No Segment5-","-No Segment6-","-No Segment7-","-No Segment8-","-No Segment9-"
"_SYS00000000043","---------(Reserve & surplus)","320001(Reserve & surplus)","320001","320001","-No Segment1-","-No Segment2-","-No Segment3-","-No Segment4-","-No Segment5-","-No Segment6-","-No Segment7-","-No Segment8-","-No Segment9-"
"_SYS00000000155","---------(Profit & Loss)","340002(Profit and Loss)","340002","340002","-No Segment1-","-No Segment2-","-No Segment3-","-No Segment4-","-No Segment5-","-No Segment6-","-No Segment7-","-No Segment8-","-No Segment9-"
"_SYS00000000244","---------(Indirect Expenses)","520034(Postage & Courier Expense)","520034","520034","-No Segment1-","-No Segment2-","-No Segment3-","-No Segment4-","-No Segment5-","-No Segment6-","-No Segment7-","-No Segment8-","-No Segment9-"
"_SYS00000000335","---------(Sub Current Assets)","120011(TDS Receivable)","120011","120011","-No Segment1-","-No Segment2-","-No Segment3-","-No Segment4-","-No Segment5-","-No Segment6-","-No Segment7-","-No Segment8-","-No Segment9-"
"_SYS00000000059","---------(TDS Payable)","220011(TDS-Rent)","220011","220011","-No Segment1-","-No Segment2-","-No Segment3-","-No Segment4-","-No Segment5-","-No Segment6-","-No Segment7-","-No Segment8-","-No Segment9-"
"_SYS00000000261","---------(Indirect Expenses)","521005(ROC Fees)","521005","521005","-No Segment1-","-No Segment2-","-No Segment3-","-No Segment4-","-No Segment5-","-No Segment6-","-No Segment7-","-No Segment8-","-No Segment9-"
"_SYS00000000328","---------(Indirect Expenses)","530039(Member of HIA Association)","530039","530039","-No Segment1-","-No Segment2-","-No Segment3-","-No Segment4-","-No Segment5-","-No Segment6-","-No Segment7-","-No Segment8-","-No Segment9-"
"_SYS00000000237","---------(Services Sales- Domestic)","411012(Cloud AMC (Licenses))","411012","411012","-No Segment1-","-No Segment2-","-No Segment3-","-No Segment4-","-No Segment5-","-No Segment6-","-No Segment7-","-No Segment8-","-No Segment9-"
"_SYS00000000238","---------(Indirect Expenses)","520031(Printing & Stationery Expenses)","520031","520031","-No Segment1-","-No Segment2-","-No Segment3-","-No Segment4-","-No Segment5-","-No Segment6-","-No Segment7-","-No Segment8-","-No Segment9-"
"_SYS00000000333","---------(Indirect Expenses)","520042(Travel Reimbursement)","520042","520042","-No Segment1-","-No Segment2-","-No Segment3-","-No Segment4-","-No Segment5-","-No Segment6-","-No Segment7-","-No Segment8-","-No Segment9-"
"_SYS00000000340","---------(Sundry Creditors)","240024(Employee Advance / Payable)","240024","240024","-No Segment1-","-No Segment2-","-No Segment3-","-No Segment4-","-No Segment5-","-No Segment6-","-No Segment7-","-No Segment8-","-No Segment9-"
"_SYS00000000243","190000(Duty & Taxes Receivable)","190009(Input IGST : 0%)","190009","190009","-No Segment1-","-No Segment2-","-No Segment3-","-No Segment4-","-No Segment5-","-No Segment6-","-No Segment7-","-No Segment8-","-No Segment9-"
"_SYS00000000114","---------(Indirect Expenses)","520017(Travelling Expenses)","520017","520017","-No Segment1-","-No Segment2-","-No Segment3-","-No Segment4-","-No Segment5-","-No Segment6-","-No Segment7-","-No Segment8-","-No Segment9-"
"_SYS00000000310","---------(Indirect Expenses)","520035(Food Expense)","520035","520035","-No Segment1-","-No Segment2-","-No Segment3-","-No Segment4-","-No Segment5-","-No Segment6-","-No Segment7-","-No Segment8-","-No Segment9-"
"_SYS00000000374","---------(Staff Welfare Expenses)","511004(ESIC)","511004","511004","-No Segment1-","-No Segment2-","-No Segment3-","-No Segment4-","-No Segment5-","-No Segment6-","-No Segment7-","-No Segment8-","-No Segment9-"