"CARDCODE","CARDNAME","CARDTYPE","GROUPCODE","COUNTRY","TERRITORY","PROPERTY01","PROPERTY02","PROPERTY03","PROPERTY04","PROPERTY05","PROPERTY06","PROPERTY07","PROPERTY08","PROPERTY09","PROPERTY10","PROPERTY11","PROPERTY12","PROPERTY13","PROPERTY14","PROPERTY15","PROPERTY16","PROPERTY17","PROPERTY18","PROPERTY19","PROPERTY20","PROPERTY21","PROPERTY22","PROPERTY23","PROPERTY24","PROPERTY25","PROPERTY26","PROPERTY27","PROPERTY28","PROPERTY29","PROPERTY30","PROPERTY31","PROPERTY32","PROPERTY33","PROPERTY34","PROPERTY35","PROPERTY36","PROPERTY37","PROPERTY38","PROPERTY39","PROPERTY40","PROPERTY41","PROPERTY42","PROPERTY43","PROPERTY44","PROPERTY45","PROPERTY46","PROPERTY47","PROPERTY48","PROPERTY49","PROPERTY50","PROPERTY51","PROPERTY52","PROPERTY53","PROPERTY54","PROPERTY55","PROPERTY56","PROPERTY57","PROPERTY58","PROPERTY59","PROPERTY60","PROPERTY61","PROPERTY62","PROPERTY63","PROPERTY64","CARDFULLNAME"
"V00029","RETAIL SOLUTION AND TECHNOLOGIES","S",101,"IN",-2,"","","","","","","","","","","","","","","","","","","","","","","","","","","","","","","","","","","","","","","","","","","","","","","","","","","","","","","","","","","","","","","","","RETAIL SOLUTION AND TECHNOLOGIES(V00029)"
"V00048","FUNDOODATA.COM","S",101,"IN",-2,"","","","","","","","","","","","","","","","","","","","","","","","","","","","","","","","","","","","","","","","","","","","","","","","","","","","","","","","","","","","","","","","","FUNDOODATA.COM(V00048)"
"V00065","Baranwal Consultancy and services","S",101,"IN",-2,"","","","","","","","","","","","","","","","","","","","","","","","","","","","","","","","","","","","","","","","","","","","","","","","","","","","","","","","","","","","","","","","","Baranwal Consultancy and services(V00065)"
"V00019","Software Technology Park of India","S",101,"IN",-2,"","","","","","","","","","","","","","","","","","","","","","","","","","","","","","","","","","","","","","","","","","","","","","","","","","","","","","","","","","","","","","","","","Software Technology Park of India(V00019)"
"V00032","Prathamesh Resort","S",101,"IN",-2,"","","","","","","","","","","","","","","","","","","","","","","","","","","","","","","","","","","","","","","","","","","","","","","","","","","","","","","","","","","","","","","","","Prathamesh Resort(V00032)"
"V00097","SAI RAM PACKING SERVICES","S",101,"IN",-2,"","","","","","","","","","","","","","","","","","","","","","","","","","","","","","","","","","","","","","","","","","","","","","","","","","","","","","","","","","","","","","","","","SAI RAM PACKING SERVICES(V00097)"
"V00023","Vestrics Solutions Pvt Ltd","S",101,"IN",-2,"","","","","","","","","","","","","","","","","","","","","","","","","","","","","","","","","","","","","","","","","","","","","","","","","","","","","","","","","","","","","","","","","Vestrics Solutions Pvt Ltd(V00023)"
"V00057","Mantra Resorts Pvt. Ltd","S",101,"IN",-2,"","","","","","","","","","","","","","","","","","","","","","","","","","","","","","","","","","","","","","","","","","","","","","","","","","","","","","","","","","","","","","","","","Mantra Resorts Pvt. Ltd(V00057)"
"L00001","Patel Hospital","L",100,"IN",-2,"","","","","","","","","","","","","","","","","","","","","","","","","","","","","","","","","","","","","","","","","","","","","","","","","","","","","","","","","","","","","","","","","Patel Hospital(L00001)"
"V00042","Bhartendu Sharma","S",101,"IN",-2,"","","","","","","","","","","","","","","","","","","","","","","","","","","","","","","","","","","","","","","","","","","","","","","","","","","","","","","","","","","","","","","","","Bhartendu Sharma(V00042)"
"C00046","Local Link","C",100,"IN",-2,"","","","","","","","","","","","","","","","","","","","","","","","","","","","","","","","","","","","","","","","","","","","","","","","","","","","","","","","","","","","","","","","","Local Link(C00046)"
"L00010","EXCEL INDUSTRIES","L",100,"IN",-2,"","","","","","","","","","","","","","","","","","","","","","","","","","","","","","","","","","","","","","","","","","","","","","","","","","","","","","","","","","","","","","","","","EXCEL INDUSTRIES(L00010)"
"V00082","Catalyst Business Services","S",101,"IN",-2,"","","","","","","","","","","","","","","","","","","","","","","","","","","","","","","","","","","","","","","","","","","","","","","","","","","","","","","","","","","","","","","","","Catalyst Business Services(V00082)"
"V00004","CRT Comptex Private Limited","S",101,"IN",-2,"","","","","","","","","","","","","","","","","","","","","","","","","","","","","","","","","","","","","","","","","","","","","","","","","","","","","","","","","","","","","","","","","CRT Comptex Private Limited(V00004)"
"V00005","d Printer Solutions","S",101,"IN",-2,"","","","","","","","","","","","","","","","","","","","","","","","","","","","","","","","","","","","","","","","","","","","","","","","","","","","","","","","","","","","","","","","","d Printer Solutions(V00005)"
"V00006","Global Infonet Distribution Pvt  Ltd","S",101,"IN",-2,"","","","","","","","","","","","","","","","","","","","","","","","","","","","","","","","","","","","","","","","","","","","","","","","","","","","","","","","","","","","","","","","","Global Infonet Distribution Pvt  Ltd(V00006)"
"V00007","GSS HR Solutions","S",101,"IN",-2,"","","","","","","","","","","","","","","","","","","","","","","","","","","","","","","","","","","","","","","","","","","","","","","","","","","","","","","","","","","","","","","","","GSS HR Solutions(V00007)"
"V00027","Rainsol Systems","S",101,"IN",-2,"","","","","","","","","","","","","","","","","","","","","","","","","","","","","","","","","","","","","","","","","","","","","","","","","","","","","","","","","","","","","","","","","Rainsol Systems(V00027)"
"C00029","ADANI GAS LTD","C",100,"IN",-2,"","","","","","","","","","","","","","","","","","","","","","","","","","","","","","","","","","","","","","","","","","","","","","","","","","","","","","","","","","","","","","","","","ADANI GAS LTD(C00029)"
"C00040","Aurigene Pharmaceutical Services Ltd","C",100,"IN",-2,"","","","","","","","","","","","","","","","","","","","","","","","","","","","","","","","","","","","","","","","","","","","","","","","","","","","","","","","","","","","","","","","","Aurigene Pharmaceutical Services Ltd(C00040)"
"V00011","Meher Infotech","S",101,"IN",-2,"","","","","","","","","","","","","","","","","","","","","","","","","","","","","","","","","","","","","","","","","","","","","","","","","","","","","","","","","","","","","","","","","Meher Infotech(V00011)"
"V00012","Mukund Joshi","S",101,"IN",-2,"","","","","","","","","","","","","","","","","","","","","","","","","","","","","","","","","","","","","","","","","","","","","","","","","","","","","","","","","","","","","","","","","Mukund Joshi(V00012)"
"V00013","Nidhi Motwani","S",101,"IN",-2,"","","","","","","","","","","","","","","","","","","","","","","","","","","","","","","","","","","","","","","","","","","","","","","","","","","","","","","","","","","","","","","","","Nidhi Motwani(V00013)"
"V00076","Amol Popat Thokade","S",101,"IN",-2,"","","","","","","","","","","","","","","","","","","","","","","","","","","","","","","","","","","","","","","","","","","","","","","","","","","","","","","","","","","","","","","","","Amol Popat Thokade(V00076)"
"V00015","Paysquare Consultancy","S",101,"IN",-2,"","","","","","","","","","","","","","","","","","","","","","","","","","","","","","","","","","","","","","","","","","","","","","","","","","","","","","","","","","","","","","","","","Paysquare Consultancy(V00015)"
"V00025","Prismic Reflections Web Solutions LLP","S",101,"IN",-2,"","","","","","","","","","","","","","","","","","","","","","","","","","","","","","","","","","","","","","","","","","","","","","","","","","","","","","","","","","","","","","","","","Prismic Reflections Web Solutions LLP(V00025)"
"V00037","TANVI NITISH KUITE","S",101,"IN",-2,"","","","","","","","","","","","","","","","","","","","","","","","","","","","","","","","","","","","","","","","","","","","","","","","","","","","","","","","","","","","","","","","","TANVI NITISH KUITE(V00037)"
"V00031","Vision Care Certification","S",101,"IN",-2,"","","","","","","","","","","","","","","","","","","","","","","","","","","","","","","","","","","","","","","","","","","","","","","","","","","","","","","","","","","","","","","","","Vision Care Certification(V00031)"
"V00024","Reed Manch Exhibitions Pvt Ltd","S",101,"IN",-2,"","","","","","","","","","","","","","","","","","","","","","","","","","","","","","","","","","","","","","","","","","","","","","","","","","","","","","","","","","","","","","","","","Reed Manch Exhibitions Pvt Ltd(V00024)"
"V00020","Sudhatai Nistane","S",101,"IN",-2,"","","","","","","","","","","","","","","","","","","","","","","","","","","","","","","","","","","","","","","","","","","","","","","","","","","","","","","","","","","","","","","","","Sudhatai Nistane(V00020)"
"V00067","Devendra Ghate","S",101,"IN",-2,"","","","","","","","","","","","","","","","","","","","","","","","","","","","","","","","","","","","","","","","","","","","","","","","","","","","","","","","","","","","","","","","","Devendra Ghate(V00067)"
"V00022","Zeal Integrated Marketing Solutions Pvt Ltd.","S",101,"IN",-2,"","","","","","","","","","","","","","","","","","","","","","","","","","","","","","","","","","","","","","","","","","","","","","","","","","","","","","","","","","","","","","","","","Zeal Integrated Marketing Solutions Pvt Ltd.(V00022)"
"C00009","Centers Health Care","C",100,"US",-2,"","","","","","","","","","","","","","","","","","","","","","","","","","","","","","","","","","","","","","","","","","","","","","","","","","","","","","","","","","","","","","","","","Centers Health Care(C00009)"
"C00010","Sunset Healthcare Solutions","C",100,"US",-2,"","","","","","","","","","","","","","","","","","","","","","","","","","","","","","","","","","","","","","","","","","","","","","","","","","","","","","","","","","","","","","","","","Sunset Healthcare Solutions(C00010)"
"C00011","Encore Dermatology  Inc.","C",100,"US",-2,"","","","","","","","","","","","","","","","","","","","","","","","","","","","","","","","","","","","","","","","","","","","","","","","","","","","","","","","","","","","","","","","","Encore Dermatology  Inc.(C00011)"
"C00012","Pandya Memorial Hospital","C",100,"IN",-2,"","","","","","","","","","","","","","","","","","","","","","","","","","","","","","","","","","","","","","","","","","","","","","","","","","","","","","","","","","","","","","","","","Pandya Memorial Hospital(C00012)"
"C00013","CINTAS","C",100,"US",-2,"","","","","","","","","","","","","","","","","","","","","","","","","","","","","","","","","","","","","","","","","","","","","","","","","","","","","","","","","","","","","","","","","CINTAS(C00013)"
"V00069","Spacebar","S",101,"IN",-2,"","","","","","","","","","","","","","","","","","","","","","","","","","","","","","","","","","","","","","","","","","","","","","","","","","","","","","","","","","","","","","","","","Spacebar(V00069)"
"V00056","ORAVEL STAYS PRIVATE LIMITED","S",101,"IN",-2,"","","","","","","","","","","","","","","","","","","","","","","","","","","","","","","","","","","","","","","","","","","","","","","","","","","","","","","","","","","","","","","","","ORAVEL STAYS PRIVATE LIMITED(V00056)"
"V00014","Owners Contribution","S",101,"IN",-2,"","","","","","","","","","","","","","","","","","","","","","","","","","","","","","","","","","","","","","","","","","","","","","","","","","","","","","","","","","","","","","","","","Owners Contribution(V00014)"
"C00002","Bedi Mishra and Associates","C",100,"IN",-2,"","","","","","","","","","","","","","","","","","","","","","","","","","","","","","","","","","","","","","","","","","","","","","","","","","","","","","","","","","","","","","","","","Bedi Mishra and Associates(C00002)"
"V00071","Religare Health Insurance Co. Ltd.,","S",101,"IN",-2,"","","","","","","","","","","","","","","","","","","","","","","","","","","","","","","","","","","","","","","","","","","","","","","","","","","","","","","","","","","","","","","","","Religare Health Insurance Co. Ltd.,(V00071)"
"C00018","Crave InfoTech Consultancy & Services Pvt. Ltd.","C",100,"IN",-2,"","","","","","","","","","","","","","","","","","","","","","","","","","","","","","","","","","","","","","","","","","","","","","","","","","","","","","","","","","","","","","","","","Crave InfoTech Consultancy & Services Pvt. Ltd.(C00018)"
"V00028","Prakash Matre","S",101,"IN",-2,"","","","","","","","","","","","","","","","","","","","","","","","","","","","","","","","","","","","","","","","","","","","","","","","","","","","","","","","","","","","","","","","","Prakash Matre(V00028)"
"C00036","Sanofi Healthcare India Pvt.Ltd","C",100,"IN",-2,"","","","","","","","","","","","","","","","","","","","","","","","","","","","","","","","","","","","","","","","","","","","","","","","","","","","","","","","","","","","","","","","","Sanofi Healthcare India Pvt.Ltd(C00036)"
"L00002","Nobel Biocare","L",100,"IN",-2,"","","","","","","","","","","","","","","","","","","","","","","","","","","","","","","","","","","","","","","","","","","","","","","","","","","","","","","","","","","","","","","","","Nobel Biocare(L00002)"
"CR1033","Vipul Sonawane","S",102,"IN",-2,"","","","","","","","","","","","","","","","","","","","","","","","","","","","","","","","","","","","","","","","","","","","","","","","","","","","","","","","","","","","","","","","","Vipul Sonawane(CR1033)"
"C00020","CINTAS","C",100,"IN",-2,"","","","","","","","","","","","","","","","","","","","","","","","","","","","","","","","","","","","","","","","","","","","","","","","","","","","","","","","","","","","","","","","","CINTAS(C00020)"
"L00003","Duval County","L",100,"IN",-2,"","","","","","","","","","","","","","","","","","","","","","","","","","","","","","","","","","","","","","","","","","","","","","","","","","","","","","","","","","","","","","","","","Duval County(L00003)"
"L00004","Bhatiya Hospital","L",100,"IN",-2,"","","","","","","","","","","","","","","","","","","","","","","","","","","","","","","","","","","","","","","","","","","","","","","","","","","","","","","","","","","","","","","","","Bhatiya Hospital(L00004)"
"L00005","Adani Green","L",100,"IN",-2,"","","","","","","","","","","","","","","","","","","","","","","","","","","","","","","","","","","","","","","","","","","","","","","","","","","","","","","","","","","","","","","","","Adani Green(L00005)"
"L00006","NTPC","L",100,"IN",-2,"","","","","","","","","","","","","","","","","","","","","","","","","","","","","","","","","","","","","","","","","","","","","","","","","","","","","","","","","","","","","","","","","NTPC(L00006)"
"L00007","GRP","L",100,"IN",-2,"","","","","","","","","","","","","","","","","","","","","","","","","","","","","","","","","","","","","","","","","","","","","","","","","","","","","","","","","","","","","","","","","GRP(L00007)"
"L00008","Godraj","L",100,"IN",-2,"","","","","","","","","","","","","","","","","","","","","","","","","","","","","","","","","","","","","","","","","","","","","","","","","","","","","","","","","","","","","","","","","Godraj(L00008)"
"V00054","SUREMINDS SOLUTIONS PVT. LTD.","S",101,"IN",-2,"","","","","","","","","","","","","","","","","","","","","","","","","","","","","","","","","","","","","","","","","","","","","","","","","","","","","","","","","","","","","","","","","SUREMINDS SOLUTIONS PVT. LTD.(V00054)"
"V00080","Cognitide Systems Private Limited,","S",101,"IN",-2,"","","","","","","","","","","","","","","","","","","","","","","","","","","","","","","","","","","","","","","","","","","","","","","","","","","","","","","","","","","","","","","","","Cognitide Systems Private Limited,(V00080)"
"V00059","Inflow Technologies Pvt. Ltd","S",101,"IN",-2,"","","","","","","","","","","","","","","","","","","","","","","","","","","","","","","","","","","","","","","","","","","","","","","","","","","","","","","","","","","","","","","","","Inflow Technologies Pvt. Ltd(V00059)"
"C00021","COMPSOPE","C",100,"US",-2,"","","","","","","","","","","","","","","","","","","","","","","","","","","","","","","","","","","","","","","","","","","","","","","","","","","","","","","","","","","","","","","","","COMPSOPE(C00021)"
"C00005","DeLaval Private Limited","C",100,"IN",-2,"","","","","","","","","","","","","","","","","","","","","","","","","","","","","","","","","","","","","","","","","","","","","","","","","","","","","","","","","","","","","","","","","DeLaval Private Limited(C00005)"
"V00033","IX Events Pvt Ltd","S",101,"IN",-2,"","","","","","","","","","","","","","","","","","","","","","","","","","","","","","","","","","","","","","","","","","","","","","","","","","","","","","","","","","","","","","","","","IX Events Pvt Ltd(V00033)"
"C00014","Wipro Enterprises(P) Ltd.","C",100,"IN",-2,"","","","","","","","","","","","","","","","","","","","","","","","","","","","","","","","","","","","","","","","","","","","","","","","","","","","","","","","","","","","","","","","","Wipro Enterprises(P) Ltd.(C00014)"
"V00070","Ghanshyam Jawale","S",101,"IN",-2,"","","","","","","","","","","","","","","","","","","","","","","","","","","","","","","","","","","","","","","","","","","","","","","","","","","","","","","","","","","","","","","","","Ghanshyam Jawale(V00070)"
"V00030","R.B. Stationers","S",101,"IN",-2,"","","","","","","","","","","","","","","","","","","","","","","","","","","","","","","","","","","","","","","","","","","","","","","","","","","","","","","","","","","","","","","","","R.B. Stationers(V00030)"
"C00027","Micro Labs Limited","C",100,"IN",-2,"","","","","","","","","","","","","","","","","","","","","","","","","","","","","","","","","","","","","","","","","","","","","","","","","","","","","","","","","","","","","","","","","Micro Labs Limited(C00027)"
"CR1149","Amar Domkawle","S",102,"IN",-2,"","","","","","","","","","","","","","","","","","","","","","","","","","","","","","","","","","","","","","","","","","","","","","","","","","","","","","","","","","","","","","","","","Amar Domkawle(CR1149)"
"V00034","TSL Consulting Pvt. Ltd.","S",101,"IN",-2,"","","","","","","","","","","","","","","","","","","","","","","","","","","","","","","","","","","","","","","","","","","","","","","","","","","","","","","","","","","","","","","","","TSL Consulting Pvt. Ltd.(V00034)"
"V00036","N.K.Kapur & Co. Pvt. Ltd","S",101,"IN",-2,"","","","","","","","","","","","","","","","","","","","","","","","","","","","","","","","","","","","","","","","","","","","","","","","","","","","","","","","","","","","","","","","","N.K.Kapur & Co. Pvt. Ltd(V00036)"
"V00046","BINARY CLUES","S",101,"IN",-2,"","","","","","","","","","","","","","","","","","","","","","","","","","","","","","","","","","","","","","","","","","","","","","","","","","","","","","","","","","","","","","","","","BINARY CLUES(V00046)"
"V00035","UBM India Pvt Ltd.","S",101,"IN",-2,"","","","","","","","","","","","","","","","","","","","","","","","","","","","","","","","","","","","","","","","","","","","","","","","","","","","","","","","","","","","","","","","","UBM India Pvt Ltd.(V00035)"
"V00009","Info Edge India Limited","S",101,"IN",-2,"","","","","","","","","","","","","","","","","","","","","","","","","","","","","","","","","","","","","","","","","","","","","","","","","","","","","","","","","","","","","","","","","Info Edge India Limited(V00009)"
"C00025","Siemens Corporation","C",100,"IN",-2,"","","","","","","","","","","","","","","","","","","","","","","","","","","","","","","","","","","","","","","","","","","","","","","","","","","","","","","","","","","","","","","","","Siemens Corporation(C00025)"
"C00026","Indigo Homes","C",100,"IN",-2,"","","","","","","","","","","","","","","","","","","","","","","","","","","","","","","","","","","","","","","","","","","","","","","","","","","","","","","","","","","","","","","","","Indigo Homes(C00026)"
"CR1071","Ashutosh Miskin","S",102,"IN",-2,"","","","","","","","","","","","","","","","","","","","","","","","","","","","","","","","","","","","","","","","","","","","","","","","","","","","","","","","","","","","","","","","","Ashutosh Miskin(CR1071)"
"V00053","TECHNO AID","S",101,"IN",-2,"","","","","","","","","","","","","","","","","","","","","","","","","","","","","","","","","","","","","","","","","","","","","","","","","","","","","","","","","","","","","","","","","TECHNO AID(V00053)"
"V00040","CONNEXIS TECHNOLOGIES PVT LTD","S",101,"IN",-2,"","","","","","","","","","","","","","","","","","","","","","","","","","","","","","","","","","","","","","","","","","","","","","","","","","","","","","","","","","","","","","","","","CONNEXIS TECHNOLOGIES PVT LTD(V00040)"
"V00041","Creative Wall Art","S",101,"IN",-2,"","","","","","","","","","","","","","","","","","","","","","","","","","","","","","","","","","","","","","","","","","","","","","","","","","","","","","","","","","","","","","","","","Creative Wall Art(V00041)"
"C00001","Adani Power Limited","C",100,"IN",-2,"","","","","","","","","","","","","","","","","","","","","","","","","","","","","","","","","","","","","","","","","","","","","","","","","","","","","","","","","","","","","","","","","Adani Power Limited(C00001)"
"V00038","Sai System","S",101,"IN",-2,"","","","","","","","","","","","","","","","","","","","","","","","","","","","","","","","","","","","","","","","","","","","","","","","","","","","","","","","","","","","","","","","","Sai System(V00038)"
"V00044","DynPro India Pvt. Ltd","S",101,"IN",-2,"","","","","","","","","","","","","","","","","","","","","","","","","","","","","","","","","","","","","","","","","","","","","","","","","","","","","","","","","","","","","","","","","DynPro India Pvt. Ltd(V00044)"
"V00045","Pawan Salunke","S",101,"IN",-2,"","","","","","","","","","","","","","","","","","","","","","","","","","","","","","","","","","","","","","","","","","","","","","","","","","","","","","","","","","","","","","","","","Pawan Salunke(V00045)"
"CR1140","Neelesh Kosta","S",102,"IN",-2,"","","","","","","","","","","","","","","","","","","","","","","","","","","","","","","","","","","","","","","","","","","","","","","","","","","","","","","","","","","","","","","","","Neelesh Kosta(CR1140)"
"V00055","B2B Sales","S",101,"IN",-2,"","","","","","","","","","","","","","","","","","","","","","","","","","","","","","","","","","","","","","","","","","","","","","","","","","","","","","","","","","","","","","","","","B2B Sales(V00055)"
"V00047","Kota Anusha","S",101,"IN",-2,"","","","","","","","","","","","","","","","","","","","","","","","","","","","","","","","","","","","","","","","","","","","","","","","","","","","","","","","","","","","","","","","","Kota Anusha(V00047)"
"C00045","ABC COMPANY","C",100,"IN",-2,"","","","","","","","","","","","","","","","","","","","","","","","","","","","","","","","","","","","","","","","","","","","","","","","","","","","","","","","","","","","","","","","","ABC COMPANY(C00045)"
"C00007","Nimdex Technologies Private Ltd","C",100,"IN",-2,"","","","","","","","","","","","","","","","","","","","","","","","","","","","","","","","","","","","","","","","","","","","","","","","","","","","","","","","","","","","","","","","","Nimdex Technologies Private Ltd(C00007)"
"V00084","infimetrics Info Solutions Pvt Ltd","S",101,"IN",-2,"","","","","","","","","","","","","","","","","","","","","","","","","","","","","","","","","","","","","","","","","","","","","","","","","","","","","","","","","","","","","","","","","infimetrics Info Solutions Pvt Ltd(V00084)"
"CR1155","Prabhav Johri","S",102,"IN",-2,"","","","","","","","","","","","","","","","","","","","","","","","","","","","","","","","","","","","","","","","","","","","","","","","","","","","","","","","","","","","","","","","","Prabhav Johri(CR1155)"
"C00016","SASAN POWER LIMITED","C",100,"IN",-2,"","","","","","","","","","","","","","","","","","","","","","","","","","","","","","","","","","","","","","","","","","","","","","","","","","","","","","","","","","","","","","","","","SASAN POWER LIMITED(C00016)"
"V00051","Xplosives","S",101,"IN",-2,"","","","","","","","","","","","","","","","","","","","","","","","","","","","","","","","","","","","","","","","","","","","","","","","","","","","","","","","","","","","","","","","","Xplosives(V00051)"
"C00022","Adani Green Energy Limited","C",100,"IN",-2,"","","","","","","","","","","","","","","","","","","","","","","","","","","","","","","","","","","","","","","","","","","","","","","","","","","","","","","","","","","","","","","","","Adani Green Energy Limited(C00022)"
"V00089","SAMBIT KUMAR SAHOO","S",101,"IN",-2,"","","","","","","","","","","","","","","","","","","","","","","","","","","","","","","","","","","","","","","","","","","","","","","","","","","","","","","","","","","","","","","","","SAMBIT KUMAR SAHOO(V00089)"
"C00003","Business Algorithms Pvt Ltd","C",100,"IN",-2,"","","","","","","","","","","","","","","","","","","","","","","","","","","","","","","","","","","","","","","","","","","","","","","","","","","","","","","","","","","","","","","","","Business Algorithms Pvt Ltd(C00003)"
"C00047","Unity Hub","C",100,"IN",-2,"","","","","","","","","","","","","","","","","","","","","","","","","","","","","","","","","","","","","","","","","","","","","","","","","","","","","","","","","","","","","","","","","Unity Hub(C00047)"
"CR1156","Deepak Pandey","S",102,"IN",-2,"","","","","","","","","","","","","","","","","","","","","","","","","","","","","","","","","","","","","","","","","","","","","","","","","","","","","","","","","","","","","","","","","Deepak Pandey(CR1156)"
"C00030","INVISTA","C",100,"IN",-2,"","","","","","","","","","","","","","","","","","","","","","","","","","","","","","","","","","","","","","","","","","","","","","","","","","","","","","","","","","","","","","","","","INVISTA(C00030)"
"V00110","PRIYA AGARWAL","S",101,"IN",-2,"","","","","","","","","","","","","","","","","","","","","","","","","","","","","","","","","","","","","","","","","","","","","","","","","","","","","","","","","","","","","","","","","PRIYA AGARWAL(V00110)"
"C00041","Adani Total Gas Limited","C",100,"IN",-2,"","","","","","","","","","","","","","","","","","","","","","","","","","","","","","","","","","","","","","","","","","","","","","","","","","","","","","","","","","","","","","","","","Adani Total Gas Limited(C00041)"
"V00095","V-Pack Consultancy Services","S",101,"IN",-2,"","","","","","","","","","","","","","","","","","","","","","","","","","","","","","","","","","","","","","","","","","","","","","","","","","","","","","","","","","","","","","","","","V-Pack Consultancy Services(V00095)"
"V00091","SHREE ENTERPRISES","S",101,"IN",-2,"","","","","","","","","","","","","","","","","","","","","","","","","","","","","","","","","","","","","","","","","","","","","","","","","","","","","","","","","","","","","","","","","SHREE ENTERPRISES(V00091)"
"V00072","VIRAJ COMPUTER","S",101,"IN",-2,"","","","","","","","","","","","","","","","","","","","","","","","","","","","","","","","","","","","","","","","","","","","","","","","","","","","","","","","","","","","","","","","","VIRAJ COMPUTER(V00072)"
"CR1127","Bheem Sharma","S",102,"IN",-2,"","","","","","","","","","","","","","","","","","","","","","","","","","","","","","","","","","","","","","","","","","","","","","","","","","","","","","","","","","","","","","","","","Bheem Sharma(CR1127)"
"CR1099","Manesh Devade","S",102,"IN",-2,"","","","","","","","","","","","","","","","","","","","","","","","","","","","","","","","","","","","","","","","","","","","","","","","","","","","","","","","","","","","","","","","","Manesh Devade(CR1099)"
"C00034","The Tata Power Company Limited","C",100,"IN",-2,"","","","","","","","","","","","","","","","","","","","","","","","","","","","","","","","","","","","","","","","","","","","","","","","","","","","","","","","","","","","","","","","","The Tata Power Company Limited(C00034)"
"C00038","Raipur Energen Limited","C",100,"IN",-2,"","","","","","","","","","","","","","","","","","","","","","","","","","","","","","","","","","","","","","","","","","","","","","","","","","","","","","","","","","","","","","","","","Raipur Energen Limited(C00038)"
"V00073","Dhananjay Damame","S",101,"IN",-2,"","","","","","","","","","","","","","","","","","","","","","","","","","","","","","","","","","","","","","","","","","","","","","","","","","","","","","","","","","","","","","","","","Dhananjay Damame(V00073)"
"V00003","Chippa Graphics","S",101,"IN",-2,"","","","","","","","","","","","","","","","","","","","","","","","","","","","","","","","","","","","","","","","","","","","","","","","","","","","","","","","","","","","","","","","","Chippa Graphics(V00003)"
"CR1158","Sagar Yadav","S",102,"IN",-2,"","","","","","","","","","","","","","","","","","","","","","","","","","","","","","","","","","","","","","","","","","","","","","","","","","","","","","","","","","","","","","","","","Sagar Yadav(CR1158)"
"CR1128","Sneha Shirsat","S",102,"IN",-2,"","","","","","","","","","","","","","","","","","","","","","","","","","","","","","","","","","","","","","","","","","","","","","","","","","","","","","","","","","","","","","","","","Sneha Shirsat(CR1128)"
"CR1024","Mahesh Phajage","S",102,"IN",-2,"","","","","","","","","","","","","","","","","","","","","","","","","","","","","","","","","","","","","","","","","","","","","","","","","","","","","","","","","","","","","","","","","Mahesh Phajage(CR1024)"
"CR1087","Sneha Shinde","S",102,"IN",-2,"","","","","","","","","","","","","","","","","","","","","","","","","","","","","","","","","","","","","","","","","","","","","","","","","","","","","","","","","","","","","","","","","Sneha Shinde(CR1087)"
"CR1143","Swaroop Mandlik","S",102,"IN",-2,"","","","","","","","","","","","","","","","","","","","","","","","","","","","","","","","","","","","","","","","","","","","","","","","","","","","","","","","","","","","","","","","","Swaroop Mandlik(CR1143)"
"V00075","HIGHTECH REPAIR CENTRE","S",101,"IN",-2,"","","","","","","","","","","","","","","","","","","","","","","","","","","","","","","","","","","","","","","","","","","","","","","","","","","","","","","","","","","","","","","","","HIGHTECH REPAIR CENTRE(V00075)"
"CR1154","Kunal Kadlaskar","S",102,"IN",-2,"","","","","","","","","","","","","","","","","","","","","","","","","","","","","","","","","","","","","","","","","","","","","","","","","","","","","","","","","","","","","","","","","Kunal Kadlaskar(CR1154)"
"CR1050","Shabbi Khan","S",102,"IN",-2,"","","","","","","","","","","","","","","","","","","","","","","","","","","","","","","","","","","","","","","","","","","","","","","","","","","","","","","","","","","","","","","","","Shabbi Khan(CR1050)"
"V00017","SDS ENTERPRISES","S",101,"IN",-2,"","","","","","","","","","","","","","","","","","","","","","","","","","","","","","","","","","","","","","","","","","","","","","","","","","","","","","","","","","","","","","","","","SDS ENTERPRISES(V00017)"
"C00015","Khanna Paper Mills Ltd.","C",100,"IN",-2,"","","","","","","","","","","","","","","","","","","","","","","","","","","","","","","","","","","","","","","","","","","","","","","","","","","","","","","","","","","","","","","","","Khanna Paper Mills Ltd.(C00015)"
"V00087","ANKEKSHAN CONSULTING","S",101,"IN",-2,"","","","","","","","","","","","","","","","","","","","","","","","","","","","","","","","","","","","","","","","","","","","","","","","","","","","","","","","","","","","","","","","","ANKEKSHAN CONSULTING(V00087)"
"CR1012","Samir Miskin","S",102,"IN",-2,"","","","","","","","","","","","","","","","","","","","","","","","","","","","","","","","","","","","","","","","","","","","","","","","","","","","","","","","","","","","","","","","","Samir Miskin(CR1012)"
"V00058","OM TOURIST","S",101,"IN",-2,"","","","","","","","","","","","","","","","","","","","","","","","","","","","","","","","","","","","","","","","","","","","","","","","","","","","","","","","","","","","","","","","","OM TOURIST(V00058)"
"CR1051","Suryabhan Mourya","S",102,"IN",-2,"","","","","","","","","","","","","","","","","","","","","","","","","","","","","","","","","","","","","","","","","","","","","","","","","","","","","","","","","","","","","","","","","Suryabhan Mourya(CR1051)"
"V00078","CLICK ERP SERVICES PVT LTD","S",101,"IN",-2,"","","","","","","","","","","","","","","","","","","","","","","","","","","","","","","","","","","","","","","","","","","","","","","","","","","","","","","","","","","","","","","","","CLICK ERP SERVICES PVT LTD(V00078)"
"CR1082","Rahul Kute","S",102,"IN",-2,"","","","","","","","","","","","","","","","","","","","","","","","","","","","","","","","","","","","","","","","","","","","","","","","","","","","","","","","","","","","","","","","","Rahul Kute(CR1082)"
"CR1137","Piyush Garje","S",102,"IN",-2,"","","","","","","","","","","","","","","","","","","","","","","","","","","","","","","","","","","","","","","","","","","","","","","","","","","","","","","","","","","","","","","","","Piyush Garje(CR1137)"
"V00068","Surinder Dutta Gautam","S",101,"IN",-2,"","","","","","","","","","","","","","","","","","","","","","","","","","","","","","","","","","","","","","","","","","","","","","","","","","","","","","","","","","","","","","","","","Surinder Dutta Gautam(V00068)"
"CR1160","Rohit Bohra","S",102,"IN",-2,"","","","","","","","","","","","","","","","","","","","","","","","","","","","","","","","","","","","","","","","","","","","","","","","","","","","","","","","","","","","","","","","","Rohit Bohra(CR1160)"
"CR1107","Swati Suman","S",102,"IN",-2,"","","","","","","","","","","","","","","","","","","","","","","","","","","","","","","","","","","","","","","","","","","","","","","","","","","","","","","","","","","","","","","","","Swati Suman(CR1107)"
"CR1130","Sandip Sarode","S",102,"IN",-2,"","","","","","","","","","","","","","","","","","","","","","","","","","","","","","","","","","","","","","","","","","","","","","","","","","","","","","","","","","","","","","","","","Sandip Sarode(CR1130)"
"CR1211","Arige Usha Rani","S",102,"IN",-2,"","","","","","","","","","","","","","","","","","","","","","","","","","","","","","","","","","","","","","","","","","","","","","","","","","","","","","","","","","","","","","","","","Arige Usha Rani(CR1211)"
"V00066","MannlÖwe Information Services Pvt. Ltd.","S",101,"IN",-2,"","","","","","","","","","","","","","","","","","","","","","","","","","","","","","","","","","","","","","","","","","","","","","","","","","","","","","","","","","","","","","","","","MannlÖwe Information Services Pvt. Ltd.(V00066)"
"CR1098","Srikanth Vadla","S",102,"IN",-2,"","","","","","","","","","","","","","","","","","","","","","","","","","","","","","","","","","","","","","","","","","","","","","","","","","","","","","","","","","","","","","","","","Srikanth Vadla(CR1098)"
"CR1145","Prashant Balshetwar","S",102,"IN",-2,"","","","","","","","","","","","","","","","","","","","","","","","","","","","","","","","","","","","","","","","","","","","","","","","","","","","","","","","","","","","","","","","","Prashant Balshetwar(CR1145)"
"V00026","Speed printer Solutions","S",101,"IN",-2,"","","","","","","","","","","","","","","","","","","","","","","","","","","","","","","","","","","","","","","","","","","","","","","","","","","","","","","","","","","","","","","","","Speed printer Solutions(V00026)"
"C00033","MAEER's VISHWARAJ HOSPITAL","C",100,"IN",-2,"","","","","","","","","","","","","","","","","","","","","","","","","","","","","","","","","","","","","","","","","","","","","","","","","","","","","","","","","","","","","","","","","MAEER's VISHWARAJ HOSPITAL(C00033)"
"V00052","Serenity INN","S",101,"IN",-2,"","","","","","","","","","","","","","","","","","","","","","","","","","","","","","","","","","","","","","","","","","","","","","","","","","","","","","","","","","","","","","","","","Serenity INN(V00052)"
"V00063","Amey Panke","S",101,"IN",-2,"","","","","","","","","","","","","","","","","","","","","","","","","","","","","","","","","","","","","","","","","","","","","","","","","","","","","","","","","","","","","","","","","Amey Panke(V00063)"
"V00074","PINAKO INDIA","S",101,"IN",-2,"","","","","","","","","","","","","","","","","","","","","","","","","","","","","","","","","","","","","","","","","","","","","","","","","","","","","","","","","","","","","","","","","PINAKO INDIA(V00074)"
"V00077","NASSCOM","S",101,"IN",-2,"","","","","","","","","","","","","","","","","","","","","","","","","","","","","","","","","","","","","","","","","","","","","","","","","","","","","","","","","","","","","","","","","NASSCOM(V00077)"
"V00099","Suresh Natarajan","S",101,"IN",-2,"","","","","","","","","","","","","","","","","","","","","","","","","","","","","","","","","","","","","","","","","","","","","","","","","","","","","","","","","","","","","","","","","Suresh Natarajan(V00099)"
"V00083","Saurbh Sinha","S",101,"IN",-2,"","","","","","","","","","","","","","","","","","","","","","","","","","","","","","","","","","","","","","","","","","","","","","","","","","","","","","","","","","","","","","","","","Saurbh Sinha(V00083)"
"V00064","Vijay Gikwad","S",101,"IN",-2,"","","","","","","","","","","","","","","","","","","","","","","","","","","","","","","","","","","","","","","","","","","","","","","","","","","","","","","","","","","","","","","","","Vijay Gikwad(V00064)"
"V00061","Priyanka Javale","S",101,"IN",-2,"","","","","","","","","","","","","","","","","","","","","","","","","","","","","","","","","","","","","","","","","","","","","","","","","","","","","","","","","","","","","","","","","Priyanka Javale(V00061)"
"V00039","AZACUS INDIA","S",101,"IN",-2,"","","","","","","","","","","","","","","","","","","","","","","","","","","","","","","","","","","","","","","","","","","","","","","","","","","","","","","","","","","","","","","","","AZACUS INDIA(V00039)"
"V00092","CYBER SECURIST TECHNOLOGIES PVT.LTD","S",101,"IN",-2,"","","","","","","","","","","","","","","","","","","","","","","","","","","","","","","","","","","","","","","","","","","","","","","","","","","","","","","","","","","","","","","","","CYBER SECURIST TECHNOLOGIES PVT.LTD(V00092)"
"CR1170","Vivek Chouhan","S",102,"IN",-2,"","","","","","","","","","","","","","","","","","","","","","","","","","","","","","","","","","","","","","","","","","","","","","","","","","","","","","","","","","","","","","","","","Vivek Chouhan(CR1170)"
"V00016","Reed Manch Exhibitions","S",101,"IN",-2,"","","","","","","","","","","","","","","","","","","","","","","","","","","","","","","","","","","","","","","","","","","","","","","","","","","","","","","","","","","","","","","","","Reed Manch Exhibitions(V00016)"
"V00049","Rajendra Dhaka","S",101,"IN",-2,"","","","","","","","","","","","","","","","","","","","","","","","","","","","","","","","","","","","","","","","","","","","","","","","","","","","","","","","","","","","","","","","","Rajendra Dhaka(V00049)"
"V00060","Rajesh Kumar Mone","S",101,"IN",-2,"","","","","","","","","","","","","","","","","","","","","","","","","","","","","","","","","","","","","","","","","","","","","","","","","","","","","","","","","","","","","","","","","Rajesh Kumar Mone(V00060)"
"CR1002","Sanjay Kurundkar","S",102,"IN",-2,"","","","","","","","","","","","","","","","","","","","","","","","","","","","","","","","","","","","","","","","","","","","","","","","","","","","","","","","","","","","","","","","","Sanjay Kurundkar(CR1002)"
"CR1208","Mukesh Kumar Prajapati","S",102,"IN",-2,"","","","","","","","","","","","","","","","","","","","","","","","","","","","","","","","","","","","","","","","","","","","","","","","","","","","","","","","","","","","","","","","","Mukesh Kumar Prajapati(CR1208)"
"C00031","Sydler Technologies Pvt. Ltd.","C",100,"IN",-2,"","","","","","","","","","","","","","","","","","","","","","","","","","","","","","","","","","","","","","","","","","","","","","","","","","","","","","","","","","","","","","","","","Sydler Technologies Pvt. Ltd.(C00031)"
"V00062","Ramana SBLSV","S",101,"IN",-2,"","","","","","","","","","","","","","","","","","","","","","","","","","","","","","","","","","","","","","","","","","","","","","","","","","","","","","","","","","","","","","","","","Ramana SBLSV(V00062)"
"V00021","Taskrig Solutions Private Limited","S",101,"IN",-2,"","","","","","","","","","","","","","","","","","","","","","","","","","","","","","","","","","","","","","","","","","","","","","","","","","","","","","","","","","","","","","","","","Taskrig Solutions Private Limited(V00021)"
"V00079","A-MARK RATING PVT. LTD.","S",101,"IN",-2,"","","","","","","","","","","","","","","","","","","","","","","","","","","","","","","","","","","","","","","","","","","","","","","","","","","","","","","","","","","","","","","","","A-MARK RATING PVT. LTD.(V00079)"
"V00085","Pranita Katkar","S",101,"IN",-2,"","","","","","","","","","","","","","","","","","","","","","","","","","","","","","","","","","","","","","","","","","","","","","","","","","","","","","","","","","","","","","","","","Pranita Katkar(V00085)"
"V00050","Shambhavi Thakur","S",101,"IN",-2,"","","","","","","","","","","","","","","","","","","","","","","","","","","","","","","","","","","","","","","","","","","","","","","","","","","","","","","","","","","","","","","","","Shambhavi Thakur(V00050)"
"V00088","AJAY KEDARNATH CHANDAK","S",101,"IN",-2,"","","","","","","","","","","","","","","","","","","","","","","","","","","","","","","","","","","","","","","","","","","","","","","","","","","","","","","","","","","","","","","","","AJAY KEDARNATH CHANDAK(V00088)"
"C00023","HAKUHODO.LYNC PRIVATE LIMITED","C",100,"IN",-2,"","","","","","","","","","","","","","","","","","","","","","","","","","","","","","","","","","","","","","","","","","","","","","","","","","","","","","","","","","","","","","","","","HAKUHODO.LYNC PRIVATE LIMITED(C00023)"
"C00035","MIT WORLD PEACE UNIVERSITY","C",100,"IN",-2,"","","","","","","","","","","","","","","","","","","","","","","","","","","","","","","","","","","","","","","","","","","","","","","","","","","","","","","","","","","","","","","","","MIT WORLD PEACE UNIVERSITY(C00035)"
"V00081","Jamshed Khan","S",101,"IN",-2,"","","","","","","","","","","","","","","","","","","","","","","","","","","","","","","","","","","","","","","","","","","","","","","","","","","","","","","","","","","","","","","","","Jamshed Khan(V00081)"
"CR1182","Prasad Khanapure","S",102,"IN",-2,"","","","","","","","","","","","","","","","","","","","","","","","","","","","","","","","","","","","","","","","","","","","","","","","","","","","","","","","","","","","","","","","","Prasad Khanapure(CR1182)"
"EX1021","Sanket Kudale","S",102,"IN",-2,"","","","","","","","","","","","","","","","","","","","","","","","","","","","","","","","","","","","","","","","","","","","","","","","","","","","","","","","","","","","","","","","","Sanket Kudale(EX1021)"
"CR1171","Siva  Nagula","S",102,"IN",-2,"","","","","","","","","","","","","","","","","","","","","","","","","","","","","","","","","","","","","","","","","","","","","","","","","","","","","","","","","","","","","","","","","Siva  Nagula(CR1171)"
"CR1014","Kartik Kuttarmare","S",102,"IN",-2,"","","","","","","","","","","","","","","","","","","","","","","","","","","","","","","","","","","","","","","","","","","","","","","","","","","","","","","","","","","","","","","","","Kartik Kuttarmare(CR1014)"
"V00093","VENKATESWARLU SANIKOMMU","S",101,"IN",-2,"","","","","","","","","","","","","","","","","","","","","","","","","","","","","","","","","","","","","","","","","","","","","","","","","","","","","","","","","","","","","","","","","VENKATESWARLU SANIKOMMU(V00093)"
"C00039","Raigarh Energy Generation Limited","C",100,"IN",-2,"","","","","","","","","","","","","","","","","","","","","","","","","","","","","","","","","","","","","","","","","","","","","","","","","","","","","","","","","","","","","","","","","Raigarh Energy Generation Limited(C00039)"
"CR1007","Ashwin Katkar","S",102,"IN",-2,"","","","","","","","","","","","","","","","","","","","","","","","","","","","","","","","","","","","","","","","","","","","","","","","","","","","","","","","","","","","","","","","","Ashwin Katkar(CR1007)"
"CR1111","Kalim Shaikh","S",102,"IN",-2,"","","","","","","","","","","","","","","","","","","","","","","","","","","","","","","","","","","","","","","","","","","","","","","","","","","","","","","","","","","","","","","","","Kalim Shaikh(CR1111)"
"CR1078","Ganesh Kharsude","S",102,"IN",-2,"","","","","","","","","","","","","","","","","","","","","","","","","","","","","","","","","","","","","","","","","","","","","","","","","","","","","","","","","","","","","","","","","Ganesh Kharsude(CR1078)"
"CR1254","PANKAJ KUMAR","S",102,"IN",-2,"","","","","","","","","","","","","","","","","","","","","","","","","","","","","","","","","","","","","","","","","","","","","","","","","","","","","","","","","","","","","","","","","PANKAJ KUMAR(CR1254)"
"CR1191","Amit Vithal Surve","S",102,"IN",-2,"","","","","","","","","","","","","","","","","","","","","","","","","","","","","","","","","","","","","","","","","","","","","","","","","","","","","","","","","","","","","","","","","Amit Vithal Surve(CR1191)"
"V00090","Vilas Maskey","S",101,"IN",-2,"","","","","","","","","","","","","","","","","","","","","","","","","","","","","","","","","","","","","","","","","","","","","","","","","","","","","","","","","","","","","","","","","Vilas Maskey(V00090)"
"CR1100","Ajinkya Gawade","S",102,"IN",-2,"","","","","","","","","","","","","","","","","","","","","","","","","","","","","","","","","","","","","","","","","","","","","","","","","","","","","","","","","","","","","","","","","Ajinkya Gawade(CR1100)"
"V00043","Uneecops Business Solutions Pvt. Ltd","S",101,"IN",-2,"","","","","","","","","","","","","","","","","","","","","","","","","","","","","","","","","","","","","","","","","","","","","","","","","","","","","","","","","","","","","","","","","Uneecops Business Solutions Pvt. Ltd(V00043)"
"C00019","Adani Power (Mundra) Ltd","C",100,"IN",-2,"","","","","","","","","","","","","","","","","","","","","","","","","","","","","","","","","","","","","","","","","","","","","","","","","","","","","","","","","","","","","","","","","Adani Power (Mundra) Ltd(C00019)"
"CR1192","Mohammad Shakir","S",102,"IN",-2,"","","","","","","","","","","","","","","","","","","","","","","","","","","","","","","","","","","","","","","","","","","","","","","","","","","","","","","","","","","","","","","","","Mohammad Shakir(CR1192)"
"V00096","Dusters Total Solutions Services Pvt Ltd","S",101,"IN",-2,"","","","","","","","","","","","","","","","","","","","","","","","","","","","","","","","","","","","","","","","","","","","","","","","","","","","","","","","","","","","","","","","","Dusters Total Solutions Services Pvt Ltd(V00096)"
"V00102","SHARJEEL MOHAMMED SIDDIQUI","S",101,"IN",-2,"","","","","","","","","","","","","","","","","","","","","","","","","","","","","","","","","","","","","","","","","","","","","","","","","","","","","","","","","","","","","","","","","SHARJEEL MOHAMMED SIDDIQUI(V00102)"
"V00105","MANOHARAN M","S",101,"IN",-2,"","","","","","","","","","","","","","","","","","","","","","","","","","","","","","","","","","","","","","","","","","","","","","","","","","","","","","","","","","","","","","","","","MANOHARAN M(V00105)"
"V00109","Sudhir Mishra","S",101,"IN",-2,"","","","","","","","","","","","","","","","","","","","","","","","","","","","","","","","","","","","","","","","","","","","","","","","","","","","","","","","","","","","","","","","","Sudhir Mishra(V00109)"
"V00103","KAILASH CHANDRA SOLANKI","S",101,"IN",-2,"","","","","","","","","","","","","","","","","","","","","","","","","","","","","","","","","","","","","","","","","","","","","","","","","","","","","","","","","","","","","","","","","KAILASH CHANDRA SOLANKI(V00103)"
"CR1181","Saumya Darne","S",102,"IN",-2,"","","","","","","","","","","","","","","","","","","","","","","","","","","","","","","","","","","","","","","","","","","","","","","","","","","","","","","","","","","","","","","","","Saumya Darne(CR1181)"
"C00032","SHANTHA BIOTECHNICS PRIVATE LIMITED","C",100,"IN",-2,"","","","","","","","","","","","","","","","","","","","","","","","","","","","","","","","","","","","","","","","","","","","","","","","","","","","","","","","","","","","","","","","","SHANTHA BIOTECHNICS PRIVATE LIMITED(C00032)"
"C00043","VADILAL INDUSTRIES(USA) INC","C",100,"US",-2,"","","","","","","","","","","","","","","","","","","","","","","","","","","","","","","","","","","","","","","","","","","","","","","","","","","","","","","","","","","","","","","","","VADILAL INDUSTRIES(USA) INC(C00043)"
"C00024","Rashi Steel & Power Limited","C",100,"IN",-2,"","","","","","","","","","","","","","","","","","","","","","","","","","","","","","","","","","","","","","","","","","","","","","","","","","","","","","","","","","","","","","","","","Rashi Steel & Power Limited(C00024)"
"CR1005","Kalpana Parekh","S",102,"IN",-2,"","","","","","","","","","","","","","","","","","","","","","","","","","","","","","","","","","","","","","","","","","","","","","","","","","","","","","","","","","","","","","","","","Kalpana Parekh(CR1005)"
"C00008","Taori Marketing","C",100,"IN",-2,"","","","","","","","","","","","","","","","","","","","","","","","","","","","","","","","","","","","","","","","","","","","","","","","","","","","","","","","","","","","","","","","","Taori Marketing(C00008)"
"C00028","T-Square Tools Pvt. Ltd","C",100,"IN",-2,"","","","","","","","","","","","","","","","","","","","","","","","","","","","","","","","","","","","","","","","","","","","","","","","","","","","","","","","","","","","","","","","","T-Square Tools Pvt. Ltd(C00028)"
"V00098",,"S",101,"IN",-2,"","","","","","","","","","","","","","","","","","","","","","","","","","","","","","","","","","","","","","","","","","","","","","","","","","","","","","","","","","","","","","","","","(V00098)"
"CR1233","Sanket Kudale","S",102,"IN",-2,"","","","","","","","","","","","","","","","","","","","","","","","","","","","","","","","","","","","","","","","","","","","","","","","","","","","","","","","","","","","","","","","","Sanket Kudale(CR1233)"
"CR1212","Paresh Pukale","S",102,"IN",-2,"","","","","","","","","","","","","","","","","","","","","","","","","","","","","","","","","","","","","","","","","","","","","","","","","","","","","","","","","","","","","","","","","Paresh Pukale(CR1212)"
"EX1022","Nikhil Bendale","S",102,"IN",-2,"","","","","","","","","","","","","","","","","","","","","","","","","","","","","","","","","","","","","","","","","","","","","","","","","","","","","","","","","","","","","","","","","Nikhil Bendale(EX1022)"
"V00018","Shro Systems Pvt. Ltd","S",101,"IN",-2,"","","","","","","","","","","","","","","","","","","","","","","","","","","","","","","","","","","","","","","","","","","","","","","","","","","","","","","","","","","","","","","","","Shro Systems Pvt. Ltd(V00018)"
"V00111","VENGAMMA BATTHINI","S",101,"IN",-2,"","","","","","","","","","","","","","","","","","","","","","","","","","","","","","","","","","","","","","","","","","","","","","","","","","","","","","","","","","","","","","","","","VENGAMMA BATTHINI(V00111)"
"CR1228","Vinay Kumar Guli","S",102,"IN",-2,"","","","","","","","","","","","","","","","","","","","","","","","","","","","","","","","","","","","","","","","","","","","","","","","","","","","","","","","","","","","","","","","","Vinay Kumar Guli(CR1228)"
"V00086","PSL Advisory Services","S",101,"IN",-2,"","","","","","","","","","","","","","","","","","","","","","","","","","","","","","","","","","","","","","","","","","","","","","","","","","","","","","","","","","","","","","","","","PSL Advisory Services(V00086)"
"CR1193","MURALIDAR VASANT REMANE","S",102,"IN",-2,"","","","","","","","","","","","","","","","","","","","","","","","","","","","","","","","","","","","","","","","","","","","","","","","","","","","","","","","","","","","","","","","","MURALIDAR VASANT REMANE(CR1193)"
"C00042","BIOCON BIOLOGICS LIMITED","C",100,"IN",-2,"","","","","","","","","","","","","","","","","","","","","","","","","","","","","","","","","","","","","","","","","","","","","","","","","","","","","","","","","","","","","","","","","BIOCON BIOLOGICS LIMITED(C00042)"
"V00094","SAID TECHNOLOGIES PVT LTD.","S",101,"IN",-2,"","","","","","","","","","","","","","","","","","","","","","","","","","","","","","","","","","","","","","","","","","","","","","","","","","","","","","","","","","","","","","","","","SAID TECHNOLOGIES PVT LTD.(V00094)"
"V00100","Kshitija Shetty","S",101,"IN",-2,"","","","","","","","","","","","","","","","","","","","","","","","","","","","","","","","","","","","","","","","","","","","","","","","","","","","","","","","","","","","","","","","","Kshitija Shetty(V00100)"
"V00101","Abhimanyu Das","S",101,"IN",-2,"","","","","","","","","","","","","","","","","","","","","","","","","","","","","","","","","","","","","","","","","","","","","","","","","","","","","","","","","","","","","","","","","Abhimanyu Das(V00101)"
"V00104","SANTHA KUMARI ENUGU","S",101,"IN",-2,"","","","","","","","","","","","","","","","","","","","","","","","","","","","","","","","","","","","","","","","","","","","","","","","","","","","","","","","","","","","","","","","","SANTHA KUMARI ENUGU(V00104)"
"V00106","MUDIGONDA HARIKA","S",101,"IN",-2,"","","","","","","","","","","","","","","","","","","","","","","","","","","","","","","","","","","","","","","","","","","","","","","","","","","","","","","","","","","","","","","","","MUDIGONDA HARIKA(V00106)"
"CR1270","NEHA SAXENA","S",102,"IN",-2,"","","","","","","","","","","","","","","","","","","","","","","","","","","","","","","","","","","","","","","","","","","","","","","","","","","","","","","","","","","","","","","","","NEHA SAXENA(CR1270)"
"V00107","Excelligent Corporate Services Pvt. Ltd.","S",101,"IN",-2,"","","","","","","","","","","","","","","","","","","","","","","","","","","","","","","","","","","","","","","","","","","","","","","","","","","","","","","","","","","","","","","","","Excelligent Corporate Services Pvt. Ltd.(V00107)"
"V00108","SANDEEP MOTIRAM BONDRE","S",101,"IN",-2,"","","","","","","","","","","","","","","","","","","","","","","","","","","","","","","","","","","","","","","","","","","","","","","","","","","","","","","","","","","","","","","","","SANDEEP MOTIRAM BONDRE(V00108)"
"CR1232","Nikhil Rajendra Bendale","S",102,"IN",-2,"","","","","","","","","","","","","","","","","","","","","","","","","","","","","","","","","","","","","","","","","","","","","","","","","","","","","","","","","","","","","","","","","Nikhil Rajendra Bendale(CR1232)"
"C00037","COOPER-STANDARD SERVICES INDIA PRIVAT LIMITED","C",100,"IN",-2,"","","","","","","","","","","","","","","","","","","","","","","","","","","","","","","","","","","","","","","","","","","","","","","","","","","","","","","","","","","","","","","","","COOPER-STANDARD SERVICES INDIA PRIVAT LIMITED(C00037)"
"C00006","Dr Reddy Laboratories","C",100,"IN",-2,"","","","","","","","","","","","","","","","","","","","","","","","","","","","","","","","","","","","","","","","","","","","","","","","","","","","","","","","","","","","","","","","","Dr Reddy Laboratories(C00006)"
"V00002","Aqua Rock Enterprises","S",101,"IN",-2,"","","","","","","","","","","","","","","","","","","","","","","","","","","","","","","","","","","","","","","","","","","","","","","","","","","","","","","","","","","","","","","","","Aqua Rock Enterprises(V00002)"
"C00004","Crave InfoTech LLC","C",100,"US",-2,"","","","","","","","","","","","","","","","","","","","","","","","","","","","","","","","","","","","","","","","","","","","","","","","","","","","","","","","","","","","","","","","","Crave InfoTech LLC(C00004)"
"C00017","SUN PHARMACEUTICAL INDUSTRIES LTD.","C",100,"IN",-2,"","","","","","","","","","","","","","","","","","","","","","","","","","","","","","","","","","","","","","","","","","","","","","","","","","","","","","","","","","","","","","","","","SUN PHARMACEUTICAL INDUSTRIES LTD.(C00017)"
"C00044","ABC","C",100,"IN",-2,"","","","","","","","","","","","","","","","","","","","","","","","","","","","","","","","","","","","","","","","","","","","","","","","","","","","","","","","","","","","","","","","","ABC(C00044)"
"V00008","Hinjewadi Industies Associations","S",101,"IN",-2,"","","","","","","","","","","","","","","","","","","","","","","","","","","","","","","","","","","","","","","","","","","","","","","","","","","","","","","","","","","","","","","","","Hinjewadi Industies Associations(V00008)"
"V00010","Inspire Services","S",101,"IN",-2,"","","","","","","","","","","","","","","","","","","","","","","","","","","","","","","","","","","","","","","","","","","","","","","","","","","","","","","","","","","","","","","","","Inspire Services(V00010)"
"V00001","Adisoft IT Care Pvt Ltd","S",101,"IN",-2,"","","","","","","","","","","","","","","","","","","","","","","","","","","","","","","","","","","","","","","","","","","","","","","","","","","","","","","","","","","","","","","","","Adisoft IT Care Pvt Ltd(V00001)"
"C00048","Social Circle","C",100,"IN",-2,"","","","","","","","","","","","","","","","","","","","","","","","","","","","","","","","","","","","","","","","","","","","","","","","","","","","","","","","","","","","","","","","","Social Circle(C00048)"
"V00112","Prianka Dhaka","S",102,"IN",-2,"","","","","","","","","","","","","","","","","","","","","","","","","","","","","","","","","","","","","","","","","","","","","","","","","","","","","","","","","","","","","","","","","Prianka Dhaka(V00112)"
"V00114","Chinar GIRI","S",102,"IN",-2,"","","","","","","","","","","","","","","","","","","","","","","","","","","","","","","","","","","","","","","","","","","","","","","","","","","","","","","","","","","","","","","","","Chinar GIRI(V00114)"
"CR1484","Chinar Giri","S",102,"IN",-2,"","","","","","","","","","","","","","","","","","","","","","","","","","","","","","","","","","","","","","","","","","","","","","","","","","","","","","","","","","","","","","","","","Chinar Giri(CR1484)"
"V00113","Neha Saxena","S",102,"IN",-2,"","","","","","","","","","","","","","","","","","","","","","","","","","","","","","","","","","","","","","","","","","","","","","","","","","","","","","","","","","","","","","","","","Neha Saxena(V00113)"
"CR1009","Ashish Sarode","S",102,"IN",-2,"","","","","","","","","","","","","","","","","","","","","","","","","","","","","","","","","","","","","","","","","","","","","","","","","","","","","","","","","","","","","","","","","Ashish Sarode(CR1009)"